year;white;white_elo;black;black_elo;result;eco;moves
2024;Caruana;2805;Carlsen;2831;Empate;B22;1.e4 c5 2.Nf3 e6 3.c3 d5 4.exd5 exd5 5.d4 Nf6 6.Bb5+ Bd7 7.Bxd7+ Nbxd7 8.0-0 Be7
2024;Caruana;2805;Erigaisi;2801;Vitoria;C11;1.e4 e6 2.d4 d5 3.Nc3 Nf6 4.e5 Nfd7 5.Nce2 c5 6.c3 Nc6 7.Nf3 Be7 8.g3 b5
2024;Firouzja;2763;Caruana;2805;Vitoria;B33;1.e4 c5 2.Nf3 Nc6 3.d4 cxd4 4.Nxd4 Nf6 5.Nc3 e5 6.Ndb5 d6 7.Nd5 Nxd5 8.exd5 Nb8
2024;Nepomniachtchi;2755;Caruana;2805;Derrota;A28;1.c4 Nf6 2.Nc3 e5 3.Nf3 Nc6 4.e3 Bb4 5.Qc2 Bxc3 6.Qxc3 Qe7 7.a3 0-0 8.b4 d5
2024;Caruana;2805;Aronian;2747;Empate;C47;1.e4 e5 2.Nf3 Nc6 3.Nc3 Nf6 4.d4 exd4 5.Nxd4 Nxe4 6.Nxe4 Qe7 7.Bd3 Nxd4 8.0-0
2024;So;2747;Caruana;2805;Empate;E32;1.d4 Nf6 2.c4 e6 3.Nc3 Bb4 4.Qc2 0-0 5.e4 d5 6.e5 Ne4 7.Bd3 c5 8.cxd5 exd5
2024;Caruana;2805;Duda;2740;Empate;C65;1.e4 e5 2.Nf3 Nc6 3.Bb5 Nf6 4.d3 Bc5 5.Bxc6 dxc6 6.Nbd2 Be6 7.0-0 Bd6 8.Nb3 b6
2024;Duda;2740;Caruana;2805;Derrota;B45;1.e4 c5 2.Nf3 e6 3.d4 cxd4 4.Nxd4 Nc6 5.Nc3 Bc5 6.Nb3 Bb4 7.Bd2 Nf6 8.Bd3 0-0
2024;Duda;2740;Caruana;2805;Derrota;A15;1.Nf3 Nf6 2.c4 b6 3.g3 Bb7 4.Bg2 g6 5.b3 Bg7 6.Bb2 0-0 7.0-0 d6 8.d4 Nbd7
2024;Caruana;2805;Dominguez Perez;2741;Empate;C65;1.e4 e5 2.Nf3 Nc6 3.Bb5 Nf6 4.d3 Bc5 5.Bxc6 dxc6 6.Nbd2 Nd7 7.Nc4 0-0 8.0-0 Re8
2024;Niemann;2734;Caruana;2805;Vitoria;B30;1.e4 c5 2.Nf3 Nc6 3.Bb5 e6 4.0-0 Nge7 5.Re1 Nd4 6.Nxd4 cxd4 7.c3 a6 8.Bd3 Nc6
2024;Murzin;2664;Caruana;2805;Empate;C67;1.e4 e5 2.Nf3 Nc6 3.Bb5 Nf6 4.0-0 Nxe4 5.Re1 Nd6 6.Nxe5 Be7 7.Bf1 Nxe5 8.Rxe5 0-0
2024;Giri;2678;Caruana;2766;Empate;A46;1.Nf3 Nf6 2.g3 b5 3.Bg2 Bb7 4.d4 e6 5.Bg5 Be7 6.Qd3 a6 7.Nbd2 d6 8.0-0 Nbd7
2024;Cheparinov;2646;Caruana;2805;Vitoria;A05;1.Nf3 Nf6 2.g3 b5 3.Bg2 Bb7 4.d3 e6 5.e4 d6 6.0-0 Be7 7.Qe2 0-0 8.Re1 c5
2024;Caruana;2805;Shankland;2672;Vitoria;B92;1.e4 c5 2.Nf3 d6 3.d4 cxd4 4.Nxd4 Nf6 5.Nc3 a6 6.Be2 e5 7.Nb3 Be7 8.Qd3 Be6
2024;Dominguez Perez;2741;Caruana;2796;Empate;B31;1.e4 c5 2.Nf3 Nc6 3.Bb5 g6 4.Bxc6 bxc6 5.0-0 Bg7 6.Re1 Nf6 7.e5 Nd5 8.b3 0-0
2024;So;2751;Caruana;2796;Empate;D38;1.d4 Nf6 2.Nf3 e6 3.c4 d5 4.Nc3 Bb4 5.Qb3 c5 6.dxc5 Nc6 7.Bg5 Qa5 8.Bxf6 dxc4
2024;Oparin;2653;Caruana;2805;Empate;C49;1.e4 e5 2.Nf3 Nf6 3.Nc3 Nc6 4.Bb5 Bb4 5.0-0 0-0 6.Bxc6 dxc6 7.Nxe5 Bxc3 8.dxc3 Nxe4
2024;Caruana;2796;Aronian;2738;Empate;C11;1.e4 e6 2.d4 d5 3.Nc3 Nf6 4.e5 Nfd7 5.f4 c5 6.dxc5 Nc6 7.Bd2 Nxc5 8.Nf3 Be7
2024;Niemann;2733;Caruana;2796;Empate;C50;1.e4 e5 2.Nf3 Nc6 3.Bc4 Bc5 4.0-0 d6 5.c3 Bb6 6.d3 h6 7.Re1 Qf6 8.b4 Nge7
2024;Caruana;2805;Ivanchuk;2630;Vitoria;B51;1.e4 c5 2.Nf3 Nc6 3.Bb5 d6 4.0-0 Bd7 5.Re1 a6 6.Bf1 Bg4 7.h3 Bxf3 8.Qxf3 g6
2024;Robson;2645;Caruana;2766;Empate;D36;1.d4 Nf6 2.c4 e6 3.Nc3 d5 4.cxd5 exd5 5.Bg5 c6 6.Qc2 h6 7.Bh4 Be7 8.e3 0-0
2024;Caruana;2798;Keymer;2730;Vitoria;B51;1.e4 c5 2.Nf3 d6 3.Bb5+ Nd7 4.0-0 a6 5.Bd3 Ngf6 6.Re1 e6 7.Bf1 b6 8.d4 cxd4
2024;Keymer;2730;Caruana;2798;Empate;A30;1.Nf3 c5 2.c4 Nf6 3.b3 Nc6 4.Bb2 d5 5.cxd5 Nxd5 6.Nc3 Nxc3 7.Bxc3 f6 8.e3 e5
2024;Keymer;2730;Caruana;2798;Vitoria;A34;1.c4 c5 2.Nf3 Nf6 3.Nc3 Nc6 4.g3 d5 5.cxd5 Nxd5 6.Bg2 g6 7.h4 h6 8.d3 Be6
2024;Keymer;2730;Caruana;2798;Empate;D15;1.c4 Nf6 2.Nf3 c6 3.Nc3 d5 4.e3 a6 5.d4 Bf5 6.Nh4 Bc8 7.h3 e6 8.Nf3 Nbd7
2024;Caruana;2798;Keymer;2730;Vitoria;A29;1.c4 Nf6 2.Nc3 e5 3.Nf3 Nc6 4.g3 Bb4 5.Bg2 0-0 6.Nd5 e4 7.Nh4 d6 8.0-0 g5
2024;Keymer;2730;Caruana;2798;Vitoria;D15;1.c4 Nf6 2.Nf3 c6 3.Nc3 d5 4.e3 a6 5.d4 Bf5 6.Nh4 Bc8 7.h3 e6 8.Nf3 c5
2024;Gukesh;2764;Caruana;2798;Derrota;E01;1.d4 Nf6 2.c4 e6 3.g3 d5 4.Bg2 Nc6 5.Nf3 Rb8 6.cxd5 Bb4+ 7.Nc3 exd5 8.Bg5 h6
2024;Caruana;2805;Durarbayli;2622;Vitoria;C55;1.e4 e5 2.Nf3 Nc6 3.Bc4 Nf6 4.d3 h6 5.0-0 d6 6.a4 g6 7.a5 Bg7 8.a6 b6
2024;Sevian;2689;Caruana;2796;Empate;E46;1.d4 Nf6 2.c4 e6 3.Nc3 Bb4 4.e3 0-0 5.Bd2 d5 6.a3 Be7 7.Nf3 Nbd7 8.cxd5 exd5
2024;Esipenko;2642;Caruana;2766;Derrota;B31;1.e4 c5 2.Nf3 Nc6 3.Bb5 Nf6 4.Nc3 g6 5.0-0 Bg7 6.Re1 0-0 7.Bxc6 bxc6 8.e5 Nd5
2024;Robson;2693;Caruana;2796;Vitoria;D35;1.c4 e6 2.Nc3 d5 3.d4 Nf6 4.cxd5 exd5 5.Bg5 Be6 6.e3 Nbd7 7.Bd3 c6 8.Bf4 g6
2024;Ding;2736;Caruana;2798;Empate;B38;1.c4 c5 2.Nf3 g6 3.d4 cxd4 4.Nxd4 Bg7 5.e4 Nc6 6.Be3 Qb6 7.Nb3 Qd8 8.Nd4 Qb6
2024;Caruana;2796;Shankland;2677;Vitoria;B95;1.e4 c5 2.Nf3 d6 3.d4 cxd4 4.Nxd4 Nf6 5.Nc3 a6 6.Bg5 e6 7.Qf3 h6 8.Bd2 Qb6
2024;Caruana;2798;Carlsen;2832;Derrota;A20;1.c4 e5 2.d3 Nf6 3.Nf3 Nc6 4.a3 d5 5.cxd5 Nxd5 6.e3 Bd6 7.Be2 a5 8.b3 g5
2024;Caruana;2798;Vachier Lagrave;2731;Empate;B52;1.e4 c5 2.Nf3 d6 3.Bb5+ Bd7 4.Bxd7+ Qxd7 5.0-0 Nc6 6.Re1 Nf6 7.c3 e6 8.d4 cxd4
2024;Caruana;2796;Liang;2677;Empate;C54;1.e4 e5 2.Nf3 Nc6 3.Bc4 Bc5 4.0-0 Nf6 5.d3 d6 6.c3 Bb6 7.Nbd2 0-0 8.Bb3 Ne7
2024;Caruana;2798;Rapport;2715;Empate;B31;1.e4 c5 2.Nf3 Nc6 3.Bb5 g6 4.0-0 Bg7 5.Re1 e5 6.Bxc6 dxc6 7.a4 Qc7 8.Na3 a5
2024;Caruana;2766;Deac;2635;Empate;C54;1.e4 e5 2.Nf3 Nc6 3.Bc4 Nf6 4.d3 Bc5 5.Nbd2 0-0 6.c3 a5 7.0-0 d6 8.h3 h6
2024;Caruana;2793;Gukesh;2766;Empate;C55;1.e4 e5 2.Nf3 Nc6 3.Bc4 Nf6 4.d3 a6 5.0-0 h6 6.c3 d6 7.Re1 g5 8.Na3 Bg7
2024;Hakobyan;2625;Caruana;2805;Empate;D37;1.d4 Nf6 2.c4 e6 3.Nf3 d5 4.Nc3 a6 5.c5 Be7 6.Bf4 Nh5 7.Be5 Nc6 8.e3 b6
2024;Nepomniachtchi;2767;Caruana;2793;Vitoria;B76;1.e4 c5 2.Nf3 g6 3.d4 cxd4 4.Nxd4 Bg7 5.Nc3 Nc6 6.Be3 Nf6 7.Bc4 0-0 8.Bb3 d6
2024;Caruana;2793;Giri;2746;Vitoria;A14;1.c4 Nf6 2.Nf3 e6 3.g3 d5 4.Bg2 Be7 5.0-0 0-0 6.d3 c5 7.Ne5 Nbd7 8.Nxd7 Bxd7
2024;Praggnanandhaa;2749;Caruana;2793;Empate;A29;1.c4 Nf6 2.Nc3 e5 3.Nf3 Nc6 4.g3 d5 5.cxd5 Nxd5 6.Bg2 Bc5 7.0-0 0-0 8.d3 h6
2024;Caruana;2796;Oparin;2662;Vitoria;C50;1.e4 e5 2.Nf3 Nc6 3.Bc4 Nf6 4.d3 h6 5.a3 Bc5 6.Nc3 a6 7.Be3 d6 8.Bxc5 dxc5
2024;Caruana;2793;Abdusattorov;2762;Vitoria;C55;1.e4 e5 2.Nf3 Nc6 3.Bc4 Nf6 4.d3 Be7 5.0-0 0-0 6.Re1 d6 7.a4 Be6 8.Nbd2 Bxc4
2024;Caruana;2793;Nakamura;2802;Empate;D10;1.c4 Nf6 2.d4 c6 3.Nc3 d5 4.cxd5 cxd5 5.Bf4 Nc6 6.e3 a6 7.Bd3 Bg4 8.Nge2 e6
2024;Alekseenko;2679;Caruana;2798;Vitoria;C50;1.e4 e5 2.Nf3 Nc6 3.Bc4 Bc5 4.d3 d6 5.a3 h6 6.Nc3 a6 7.Be3 Nge7 8.Bxc5 dxc5
2024;Caruana;2798;Alekseenko;2679;Vitoria;A20;1.c4 e5 2.d3 Bb4+ 3.Nd2 c5 4.Ngf3 d6 5.g3 f5 6.Bg2 Nf6 7.0-0 Ba5 8.Nb1 0-0
2024;Alekseenko;2679;Caruana;2798;Vitoria;C50;1.e4 e5 2.Nf3 Nc6 3.Bc4 Bc5 4.d3 d6 5.a3 h6 6.Nc3 a6 7.Be3 Nge7 8.Bxc5 dxc5
2024;Ding;2745;Caruana;2793;Empate;D38;1.d4 Nf6 2.c4 e6 3.Nf3 d5 4.Nc3 Bb4 5.Qa4+ Nc6 6.e3 0-0 7.Qc2 b6 8.Bd2 Bb7
2024;Nakamura;2802;Caruana;2793;Vitoria;A05;1.Nf3 Nf6 2.g3 c5 3.e3 Nc6 4.d4 d5 5.Bg2 cxd4 6.Nxd4 Bg4 7.Nxc6 bxc6 8.Qd3 e5
2024;Caruana;2766;Svane;2629;Empate;C55;1.e4 e5 2.Nf3 Nc6 3.Bc4 Nf6 4.d3 h6 5.a4 Bc5 6.a5 a6 7.0-0 0-0 8.c3 d6
2024;So;2751;Caruana;2793;Empate;E51;1.d4 Nf6 2.c4 e6 3.Nc3 Bb4 4.e3 0-0 5.Bd3 d5 6.a3 dxc4 7.Bxc4 Bd6 8.Nf3 Nc6
2024;Caruana;2798;Alekseenko;2679;Derrota;C54;1.e4 e5 2.Nf3 Nc6 3.Bc4 Bc5 4.c3 Nf6 5.d3 d6 6.a4 a5 7.Bg5 h6 8.Bh4 g5
2024;Caruana;2793;Firouzja;2751;Derrota;C54;1.e4 e5 2.Nf3 Nc6 3.Bc4 Nf6 4.d3 Bc5 5.c3 d6 6.b4 Bb6 7.a4 a5 8.b5 Ne7
2024;Caruana;2793;Nepomniachtchi;2767;Vitoria;D35;1.d4 Nf6 2.c4 e6 3.Nc3 d5 4.cxd5 exd5 5.Bg5 Bb4 6.e3 h6 7.Bh4 Bf5 8.Bd3 Bxd3
2024;Abdusattorov;2762;Caruana;2793;Derrota;C47;1.e4 e5 2.Nf3 Nc6 3.Nc3 Nf6 4.d4 exd4 5.Nxd4 Bb4 6.Nxc6 bxc6 7.Bd3 d6 8.0-0 h6
2024;Nepomniachtchi;2767;Caruana;2793;Derrota;A21;1.c4 e5 2.Nc3 Bb4 3.Nd5 a5 4.a3 Bc5 5.e3 c6 6.d4 Ba7 7.Nc3 d6 8.dxe5 dxe5
2024;Nakamura;2802;Caruana;2793;Derrota;C60;1.e4 e5 2.Nf3 Nc6 3.Bb5 Nge7 4.Nc3 Ng6 5.h4 Nd4 6.Bc4 h5 7.Ng5 d5 8.Bxd5 Bg4
2024;Caruana;2805;Donchenko;2618;Derrota;B51;1.e4 c5 2.Nf3 d6 3.Bb5+ Nd7 4.0-0 a6 5.Be2 Ngf6 6.d3 g6 7.c4 Bg7 8.Nc3 e5
2024;Caruana;2793;Abdusattorov;2762;Vitoria;E15;1.d4 e6 2.Nf3 Nf6 3.c4 b6 4.g3 Ba6 5.b3 Bb4+ 6.Bd2 Be7 7.Nc3 d5 8.cxd5 exd5
2024;Caruana;2793;Nepomniachtchi;2767;Vitoria;A11;1.Nf3 d5 2.g3 Bg4 3.Bg2 e6 4.c4 c6 5.Qb3 Qb6 6.d3 Nd7 7.0-0 Ngf6 8.Be3 Bc5
2024;Firouzja;2751;Caruana;2793;Vitoria;A00;1.Nh3 d5 2.g3 e5 3.d4 exd4 4.Qxd4 Nc6 5.Qd1 Nf6 6.Bg2 Bc5 7.Nf4 d4 8.0-0 0-0
2024;Caruana;2793;So;2751;Empate;E43;1.d4 Nf6 2.c4 e6 3.Nc3 Bb4 4.e3 c5 5.a3 Bxc3+ 6.bxc3 b6 7.Bd3 Bb7 8.f3 0-0
2024;Caruana;2793;Dominguez Perez;2748;Empate;A07;1.Nf3 d5 2.g3 g6 3.Bg2 Bg7 4.0-0 e5 5.d3 Ne7 6.Nc3 Nbc6 7.e4 dxe4 8.Nxe4 0-0
2024;Praggnanandhaa;2749;Caruana;2793;Derrota;D01;1.d4 Nf6 2.Bg5 c6 3.Nc3 d5 4.e3 Bf5 5.Bxf6 exf6 6.Bd3 Bg6 7.Nf3 Bd6 8.0-0 Nd7
2024;Abdusattorov;2762;Caruana;2793;Empate;A03;1.f4 d5 2.Nf3 Bg4 3.Ne5 Bf5 4.e3 e6 5.Be2 Nd7 6.0-0 Bd6 7.Nxd7 Qxd7 8.b3 Nf6
2024;Caruana;2793;Firouzja;2751;Empate;C54;1.e4 e5 2.Nf3 Nc6 3.Bc4 Nf6 4.d3 Bc5 5.0-0 0-0 6.h3 d6 7.c3 Bb6 8.a4 a5
2024;So;2751;Caruana;2793;Derrota;C54;1.e4 e5 2.Nf3 Nc6 3.Bc4 Bc5 4.c3 Nf6 5.d3 d6 6.0-0 h6 7.Re1 0-0 8.h3 Bb6
2024;Dominguez Perez;2748;Caruana;2793;Derrota;C55;1.e4 e5 2.Nf3 Nc6 3.Bc4 Nf6 4.d3 Be7 5.0-0 0-0 6.a4 d6 7.a5 a6 8.Re1 h6
2024;Caruana;2793;Praggnanandhaa;2749;Vitoria;C54;1.e4 e5 2.Nf3 Nc6 3.Bc4 Bc5 4.0-0 Nf6 5.d3 d6 6.c3 a6 7.a4 Ba7 8.Nbd2 Nh5
2024;Caruana;2793;Firouzja;2751;Empate;C67;1.e4 e5 2.Nf3 Nc6 3.Bb5 Nf6 4.0-0 Nxe4 5.Re1 Nd6 6.a4 Be7 7.Nc3 a6 8.Bf1 e4
2024;Caruana;2793;Vachier Lagrave;2721;Empate;B90;1.e4 c5 2.Nf3 d6 3.d4 cxd4 4.Nxd4 Nf6 5.Nc3 a6 6.Nb3 g6 7.Be3 Bg7 8.f3 h5
2024;Praggnanandhaa;2749;Caruana;2793;Vitoria;C65;1.e4 e5 2.Nf3 Nc6 3.Bb5 Nf6 4.d3 Ne7 5.Nc3 c6 6.Bc4 d6 7.Bb3 h6 8.d4 Qc7
2024;So;2751;Caruana;2793;Empate;C54;1.e4 e5 2.Nf3 Nc6 3.Bc4 Bc5 4.0-0 d6 5.c3 Nf6 6.d3 h6 7.Nbd2 a5 8.Re1 0-0
2024;Caruana;2793;Dominguez Perez;2748;Derrota;C54;1.e4 e5 2.Nf3 Nc6 3.Bc4 Bc5 4.0-0 Nf6 5.d3 d6 6.c3 a6 7.a4 Ba7 8.Nbd2 0-0
2024;Caruana;2798;Deac;2680;Empate;C54;1.e4 e5 2.Nf3 Nc6 3.Bc4 Nf6 4.d3 Bc5 5.c3 d6 6.a4 a6 7.0-0 Ba7 8.Re1 0-0
2024;Aronian;2729;Caruana;2793;Vitoria;C46;1.e4 e5 2.d3 Nc6 3.Nc3 Bc5 4.Nf3 d6 5.Na4 Nge7 6.Nxc5 dxc5 7.c3 0-0 8.Be2 h6
2024;Caruana;2798;Martirosyan;2667;Vitoria;C23;1.e4 e5 2.Bc4 Nf6 3.Qf3 Nc6 4.Ne2 d6 5.h3 g6 6.g4 Be6 7.d3 Bg7 8.Nbc3 Bxc4
2024;Martirosyan;2667;Caruana;2798;Vitoria;D44;1.d4 Nf6 2.c4 e6 3.Nf3 d5 4.Nc3 c6 5.Bg5 dxc4 6.e4 b5 7.e5 h6 8.Bh4 g5
2024;Caruana;2798;Martirosyan;2667;Vitoria;E41;1.d4 Nf6 2.c4 e6 3.Nc3 Bb4 4.e3 0-0 5.Bd3 Bxc3+ 6.bxc3 d6 7.e4 e5 8.Ne2 c5
2024;Martirosyan;2667;Caruana;2798;Derrota;D44;1.d4 Nf6 2.c4 e6 3.Nf3 d5 4.Nc3 c6 5.Bg5 dxc4 6.a4 c5 7.e4 cxd4 8.Qxd4 Qxd4
2024;Caruana;2793;Aronian;2729;Vitoria;A25;1.c4 Nf6 2.Nc3 e5 3.Nf3 Nc6 4.g3 Bc5 5.d3 0-0 6.Bg2 Re8 7.Bg5 h6 8.Bxf6 Qxf6
2024;Aronian;2729;Caruana;2793;Derrota;E21;1.d4 Nf6 2.c4 e6 3.Nc3 Bb4 4.Nf3 b6 5.Bd2 Bb7 6.e3 0-0 7.Rc1 d6 8.Be2 Nbd7
2024;Vachier Lagrave;2721;Caruana;2793;Empate;C78;1.e4 e5 2.Nf3 Nc6 3.Bb5 a6 4.Ba4 Nf6 5.0-0 b5 6.Bb3 Bc5 7.c3 d6 8.d4 Bb6
2024;Caruana;2793;Vachier Lagrave;2721;Empate;D78;1.d4 Nf6 2.c4 g6 3.Nf3 Bg7 4.g3 c6 5.Bg2 d5 6.0-0 0-0 7.Nc3 Ne4 8.Qb3 dxc4
2024;Caruana;2796;Firouzja;2744;Vitoria;A13;1.c4 g6 2.Nc3 Bg7 3.g3 e6 4.Bg2 Ne7 5.d4 d5 6.Nf3 0-0 7.0-0 Nbc6 8.cxd5 exd5
2024;Firouzja;2744;Caruana;2796;Derrota;C84;1.e4 e5 2.Nf3 Nc6 3.Bb5 a6 4.Ba4 Nf6 5.0-0 Be7 6.d3 b5 7.Bb3 d6 8.c3 0-0
2024;Caruana;2796;Firouzja;2744;Derrota;A10;1.c4 g6 2.Nc3 Bg7 3.g3 h5 4.Nf3 c6 5.Bg2 d5 6.cxd5 cxd5 7.d4 Nc6 8.0-0 Nh6
2024;Firouzja;2744;Caruana;2796;Empate;C84;1.e4 e5 2.Nf3 Nc6 3.Bb5 a6 4.Ba4 Nf6 5.0-0 Be7 6.d3 b5 7.Bb3 d6 8.c3 0-0
2024;Firouzja;2744;Caruana;2796;Empate;E21;1.d4 Nf6 2.c4 e6 3.Nc3 Bb4 4.Nf3 b6 5.Qb3 c5 6.a3 Ba5 7.Bg5 Nc6 8.d5 Nd4
2024;Caruana;2796;Firouzja;2744;Vitoria;A11;1.c4 g6 2.Nf3 Bg7 3.g3 c6 4.Bg2 d5 5.0-0 dxc4 6.a4 h6 7.Na3 Be6 8.Qc2 Qd5
2024;Firouzja;2744;Caruana;2796;Derrota;B46;1.e4 c5 2.Nf3 e6 3.d4 cxd4 4.Nxd4 Nc6 5.Nc3 a6 6.Nxc6 bxc6 7.Bd3 d5 8.Qg4 Nf6
2024;Caruana;2796;Firouzja;2744;Vitoria;D30;1.d4 Nf6 2.Nf3 d5 3.c4 e6 4.e3 Bd6 5.Nc3 0-0 6.Bd3 b6 7.cxd5 exd5 8.0-0 c5
2024;Firouzja;2744;Caruana;2796;Vitoria;C77;1.e4 e5 2.Nf3 Nc6 3.Bb5 a6 4.Ba4 Nf6 5.Bxc6 dxc6 6.d3 Bd6 7.Nbd2 Bg4 8.h3 Bh5
2024;Caruana;2796;Firouzja;2744;Derrota;D02;1.d4 Nf6 2.Nf3 c5 3.dxc5 e6 4.Nc3 Bxc5 5.g3 d5 6.Bg2 Nc6 7.0-0 0-0 8.Bg5 h6
2024;Firouzja;2744;Caruana;2796;Derrota;B41;1.e4 c5 2.Nf3 e6 3.d4 cxd4 4.Nxd4 a6 5.c4 Nf6 6.Nc3 Qc7 7.a3 b6 8.Be3 Bb7
2024;Caruana;2796;Firouzja;2744;Derrota;E94;1.c4 g6 2.Nc3 Bg7 3.e4 d6 4.d4 Nf6 5.Nf3 0-0 6.Be2 e5 7.0-0 Na6 8.Be3 Qe7
2024;Firouzja;2744;Caruana;2796;Derrota;B81;1.e4 c5 2.Nf3 d6 3.d4 cxd4 4.Nxd4 Nf6 5.Nc3 a6 6.h3 e6 7.g4 Be7 8.g5 Nfd7
2024;Caruana;2796;Firouzja;2744;Derrota;E28;1.d4 Nf6 2.c4 e6 3.Nc3 Bb4 4.e3 0-0 5.a3 Bxc3+ 6.bxc3 b6 7.Bd3 Bb7 8.f3 c5
2024;Firouzja;2744;Caruana;2796;Empate;C78;1.e4 e5 2.Nf3 Nc6 3.Bb5 a6 4.Ba4 Nf6 5.0-0 Bc5 6.c3 b5 7.Bb3 d6 8.a4 Rb8
2024;Caruana;2796;Firouzja;2744;Empate;A36;1.c4 g6 2.Nc3 Bg7 3.g3 c5 4.Bg2 Nc6 5.e3 e6 6.b3 Nf6 7.Ba3 Qa5 8.Bb2 0-0
2024;Firouzja;2744;Caruana;2796;Derrota;C84;1.e4 e5 2.Nf3 Nc6 3.Bb5 a6 4.Ba4 Nf6 5.0-0 Be7 6.d3 b5 7.Bb3 d6 8.c3 0-0
2024;Caruana;2796;Firouzja;2744;Vitoria;A23;1.c4 Nf6 2.Nc3 e5 3.g3 c6 4.Nf3 e4 5.Nd4 Qb6 6.e3 d5 7.Bg2 Bg4 8.Qb3 Na6
2024;Firouzja;2744;Caruana;2796;Derrota;B30;1.e4 c5 2.Nf3 Nc6 3.Bb5 Nf6 4.Nc3 g6 5.e5 Nh5 6.Bxc6 dxc6 7.d3 Ng7 8.0-0 Ne6
2024;Caruana;2796;Firouzja;2744;Empate;A18;1.c4 e6 2.Nc3 Nf6 3.e4 d5 4.cxd5 exd5 5.e5 Ne4 6.Nf3 Bf5 7.Be2 c5 8.0-0 Nc6
2024;Firouzja;2744;Caruana;2796;Derrota;C78;1.e4 e5 2.Nf3 Nc6 3.Bb5 a6 4.Ba4 Nf6 5.0-0 b5 6.Bb3 Bc5 7.c3 d6 8.a4 Bb7
2024;Caruana;2796;Firouzja;2744;Derrota;A28;1.c4 Nf6 2.Nc3 e5 3.Nf3 Nc6 4.a3 d5 5.cxd5 Nxd5 6.Qc2 Nxc3 7.bxc3 Bd6 8.g3 0-0
2024;Firouzja;2744;Caruana;2796;Vitoria;C78;1.e4 e5 2.Nf3 Nc6 3.Bb5 a6 4.Ba4 Nf6 5.0-0 b5 6.Bb3 Bc5 7.c3 d6 8.a4 Bb7
2024;Caruana;2793;Vachier Lagrave;2721;Empate;D78;1.d4 Nf6 2.c4 g6 3.Nf3 Bg7 4.g3 c6 5.Bg2 Qa5+ 6.Nbd2 0-0 7.0-0 d5 8.b3 Bf5
2024;Caruana;2798;Oparin;2662;Vitoria;A20;1.c4 e5 2.a3 g6 3.b4 Bg7 4.Bb2 Ne7 5.g3 0-0 6.Bg2 c6 7.Nf3 e4 8.Nd4 d5
2024;Shankland;2618;Caruana;2766;Empate;A05;1.Nf3 Nf6 2.g3 b5 3.d3 Bb7 4.e4 e6 5.Bg2 c5 6.0-0 Be7 7.e5 Nd5 8.c4 Nb6
2024;Caruana;2805;Theodorou;2612;Derrota;A28;1.c4 Nf6 2.Nc3 e5 3.Nf3 Nc6 4.a3 d5 5.cxd5 Nxd5 6.Qc2 Nxc3 7.bxc3 Bd6 8.g3 0-0
2024;Nakamura;2802;Caruana;2796;Empate;C67;1.e4 e5 2.Nf3 Nc6 3.Bb5 Nf6 4.0-0 Nxe4 5.d4 Nd6 6.dxe5 Nxb5 7.a4 Nbd4 8.Nxd4 d5
2024;Carlsen;2832;Caruana;2796;Derrota;B31;1.e4 c5 2.Nf3 Nc6 3.Bb5 Nf6 4.Nc3 g6 5.0-0 Bg7 6.Re1 0-0 7.h3 d6 8.Bxc6 bxc6
2024;So;2757;Caruana;2796;Derrota;E11;1.d4 Nf6 2.c4 e6 3.Nf3 d5 4.g3 Bb4+ 5.Bd2 a5 6.Qc2 0-0 7.Bg2 Be7 8.0-0 c6
2024;Caruana;2796;So;2757;Derrota;A21;1.c4 e5 2.d3 g6 3.g3 Bg7 4.Bg2 Ne7 5.Nc3 0-0 6.h4 h6 7.h5 g5 8.f4 gxf4
2024;Nepomniachtchi;2770;Caruana;2796;Empate;E32;1.d4 Nf6 2.c4 e6 3.Nc3 Bb4 4.Qc2 0-0 5.e4 d5 6.e5 Ne4 7.Bd3 c5 8.Nf3 cxd4
2024;Caruana;2798;Grandelius;2653;Derrota;A11;1.c4 c6 2.Nf3 d5 3.g3 dxc4 4.a4 e6 5.Bg2 Nf6 6.Qc2 b6 7.Na3 Bxa3 8.Rxa3 Bb7
2024;Caruana;2796;Sarana;2717;Vitoria;B92;1.e4 c5 2.Nf3 d6 3.d4 cxd4 4.Nxd4 Nf6 5.Nc3 a6 6.Be2 e5 7.Nb3 Be7 8.Qd3 Be6
2024;Sarana;2717;Caruana;2796;Derrota;E45;1.d4 Nf6 2.c4 e6 3.Nc3 Bb4 4.e3 b6 5.Nge2 Ba6 6.Qa4 c5 7.a3 Bxc3+ 8.Nxc3 0-0
2024;Caruana;2796;Sarana;2717;Vitoria;D31;1.c4 e6 2.Nc3 d5 3.d4 Bb4 4.cxd5 exd5 5.a3 Be7 6.Bf4 Nf6 7.e3 Bd6 8.Bxd6 Qxd6
2024;Sarana;2717;Caruana;2796;Vitoria;E45;1.d4 Nf6 2.c4 e6 3.Nc3 Bb4 4.e3 b6 5.Nge2 Ba6 6.Qa4 Be7 7.e4 Bb7 8.Qc2 d6
2024;Caruana;2796;Sarana;2717;Empate;B53;1.e4 c5 2.Nf3 d6 3.Nc3 Nf6 4.d4 cxd4 5.Qxd4 Nc6 6.Qe3 g6 7.h3 Bg7 8.Bc4 0-0
2024;Sarana;2717;Caruana;2796;Derrota;E44;1.d4 Nf6 2.c4 e6 3.Nc3 Bb4 4.e3 b6 5.Nge2 Ne4 6.Bd2 Nxd2 7.Qxd2 Bb7 8.a3 Be7
2024;Sarana;2717;Caruana;2796;Vitoria;E36;1.d4 Nf6 2.c4 e6 3.Nc3 Bb4 4.Qc2 0-0 5.a3 Bxc3+ 6.Qxc3 d5 7.Bg5 h6 8.Bxf6 Qxf6
2024;Sarana;2717;Caruana;2796;Empate;E43;1.d4 Nf6 2.c4 e6 3.Nc3 Bb4 4.e3 b6 5.Nf3 Bb7 6.Bd3 0-0 7.0-0 c5 8.Na4 cxd4
2024;Sarana;2717;Caruana;2796;Empate;E43;1.d4 Nf6 2.c4 e6 3.Nc3 Bb4 4.e3 b6 5.Bd3 Bb7 6.Nf3 0-0 7.0-0 c5 8.Na4 cxd4
2024;Caruana;2796;Sarana;2717;Vitoria;D36;1.c4 e6 2.Nc3 d5 3.d4 Nf6 4.cxd5 exd5 5.Bg5 c6 6.Qc2 Be7 7.e3 h6 8.Bf4 Nh5
2024;Sarana;2717;Caruana;2796;Derrota;E44;1.d4 Nf6 2.c4 e6 3.Nc3 Bb4 4.e3 b6 5.Nge2 Ne4 6.Bd2 Nxd2 7.Qxd2 Bb7 8.a3 Be7
2024;Caruana;2796;Sarana;2717;Derrota;B92;1.e4 c5 2.Nf3 d6 3.d4 Nf6 4.Nc3 cxd4 5.Nxd4 a6 6.Be2 e5 7.Nb3 Be7 8.Qd3 Be6
2024;Caruana;2796;Sarana;2717;Vitoria;B92;1.e4 c5 2.Nf3 d6 3.d4 Nf6 4.Nc3 cxd4 5.Nxd4 a6 6.Be2 e5 7.Nb3 Be7 8.Qd3 0-0
2024;Caruana;2796;Sarana;2717;Derrota;B92;1.e4 c5 2.Nf3 d6 3.d4 cxd4 4.Nxd4 Nf6 5.Nc3 a6 6.Be2 e5 7.Nb3 Be7 8.Qd3 0-0
2024;Sarana;2717;Caruana;2796;Vitoria;E45;1.d4 Nf6 2.c4 e6 3.Nc3 Bb4 4.e3 b6 5.Nge2 Ba6 6.Qa4 c5 7.a3 Bxc3+ 8.Nxc3 0-0
2024;Sarana;2717;Caruana;2796;Vitoria;E36;1.d4 Nf6 2.c4 e6 3.Nc3 Bb4 4.Qc2 d5 5.a3 Bxc3+ 6.Qxc3 0-0 7.Nf3 b6 8.Bg5 Nbd7
2024;Caruana;2796;Sarana;2717;Vitoria;A20;1.c4 e5 2.d3 Nf6 3.Nf3 Nc6 4.a3 d5 5.cxd5 Nxd5 6.e3 Be7 7.b4 a6 8.Be2 Bf6
2024;Sarana;2717;Caruana;2796;Derrota;E32;1.d4 Nf6 2.c4 e6 3.Nc3 Bb4 4.Qc2 0-0 5.e4 d5 6.e5 Ne4 7.Bd3 c5 8.a3 Bxc3+
2024;Caruana;2796;Sarana;2717;Vitoria;A21;1.c4 e5 2.d3 f5 3.Nf3 d6 4.g3 g6 5.Bg2 Bg7 6.0-0 Nf6 7.Nc3 0-0 8.Rb1 a5
2024;Caruana;2796;Sarana;2717;Vitoria;E49;1.c4 e6 2.Nc3 d5 3.d4 Bb4 4.a3 Bxc3+ 5.bxc3 Nf6 6.cxd5 exd5 7.e3 0-0 8.Bd3 c5
2024;Sarana;2717;Caruana;2796;Empate;E36;1.d4 Nf6 2.c4 e6 3.Nc3 Bb4 4.Qc2 0-0 5.a3 Bxc3+ 6.Qxc3 d5 7.Bg5 h6 8.Bxf6 Qxf6
2024;Caruana;2796;Sarana;2717;Vitoria;D36;1.c4 e6 2.Nc3 d5 3.d4 Nf6 4.cxd5 exd5 5.Bg5 c6 6.Qc2 h6 7.Bh4 Be7 8.e3 0-0
2024;Caruana;2798;Volokitin;2660;Vitoria;B90;1.e4 c5 2.Nf3 d6 3.d4 cxd4 4.Nxd4 Nf6 5.Nc3 a6 6.Bd3 g6 7.f3 Qb6 8.Nb3 Nbd7
2024;Firouzja;2744;Caruana;2796;Derrota;B51;1.e4 c5 2.Nf3 d6 3.Bb5+ Nd7 4.a4 Ngf6 5.Nc3 a6 6.Be2 b6 7.d4 cxd4 8.Qxd4 Bb7
2024;Caruana;2796;Firouzja;2744;Vitoria;C54;1.e4 e5 2.Nf3 Nc6 3.Bc4 Nf6 4.d3 Bc5 5.0-0 d6 6.c3 a6 7.a4 Ba7 8.Nbd2 0-0
2024;Firouzja;2744;Caruana;2796;Derrota;B51;1.e4 c5 2.Nf3 d6 3.Bb5+ Nd7 4.0-0 a6 5.Be2 Ngf6 6.d3 e6 7.a4 b6 8.Nfd2 Bb7
2024;Firouzja;2744;Caruana;2796;Derrota;B51;1.e4 c5 2.Nf3 d6 3.Bb5+ Nd7 4.0-0 a6 5.Be2 Ngf6 6.d3 g6 7.c4 b6 8.Nc3 Bb7
2024;Caruana;2796;Firouzja;2744;Vitoria;A11;1.c4 c6 2.Nf3 d5 3.g3 Bg4 4.Ne5 Bf5 5.Qb3 Qb6 6.cxd5 Qxb3 7.axb3 Be4 8.dxc6 Bxh1
2024;Nepomniachtchi;2770;Caruana;2796;Vitoria;C22;1.e4 e5 2.d4 exd4 3.Qxd4 Nc6 4.Qe3 Nf6 5.Nc3 Bb4 6.Bd2 0-0 7.0-0-0 Re8 8.Bc4 d6
2024;Gukesh;2763;Caruana;2796;Vitoria;A04;1.e4 e5 2.Nf3 Nc6 3.g3 g6 4.Bg2 Bg7 5.0-0 Nge7 6.c4 d6 7.h3 0-0 8.Nc3 h6
2024;Caruana;2796;Nepomniachtchi;2770;Derrota;D74;1.d4 Nf6 2.c4 g6 3.Nf3 Bg7 4.g3 0-0 5.Bg2 d5 6.cxd5 Nxd5 7.0-0 Nc6 8.Re1 Nb6
2024;Caruana;2796;Gukesh;2763;Vitoria;D27;1.c4 e6 2.Nc3 d5 3.d4 c5 4.e3 Nf6 5.Nf3 dxc4 6.Bxc4 a6 7.a4 Nc6 8.0-0 Be7
2024;Caruana;2796;So;2757;Derrota;A20;1.c4 e5 2.d3 Nf6 3.Nf3 Nc6 4.a3 g6 5.e3 Bg7 6.Be2 e4 7.dxe4 Nxe4 8.Qc2 Qe7
2024;Caruana;2796;Nakamura;2802;Derrota;D31;1.c4 e6 2.Nc3 d5 3.d4 Be7 4.cxd5 exd5 5.Bf4 c6 6.e3 Bf5 7.Nge2 Nd7 8.Ng3 Bg6
2024;Gukesh;2763;Caruana;2796;Vitoria;D38;1.d4 Nf6 2.c4 e6 3.Nf3 d5 4.Nc3 Bb4 5.Qa4+ Nc6 6.e3 0-0 7.Bd2 dxc4 8.Bxc4 Bd6
2024;So;2757;Caruana;2796;Vitoria;C54;1.e4 e5 2.Nf3 Nc6 3.Bc4 Bc5 4.c3 Nf6 5.d3 d6 6.0-0 h6 7.Re1 a5 8.Nbd2 0-0
2024;Caruana;2796;Sarana;2717;Vitoria;D35;1.c4 e6 2.Nc3 d5 3.d4 Nf6 4.cxd5 exd5 5.Bg5 c6 6.e3 h6 7.Bh4 Be6 8.Bd3 Nbd7
2024;Nepomniachtchi;2770;Caruana;2796;Empate;C78;1.e4 e5 2.Nf3 Nc6 3.Bb5 a6 4.Ba4 Nf6 5.0-0 Bc5 6.c3 b5 7.Bb3 d6 8.d4 Bb6
2024;Giri;2745;Caruana;2796;Vitoria;E62;1.Nf3 Nf6 2.c4 g6 3.Nc3 d6 4.g3 Bg7 5.Bg2 0-0 6.0-0 c6 7.d4 Bf5 8.Ne1 e5
2024;Caruana;2796;So;2757;Empate;A20;1.c4 e5 2.g3 Nf6 3.Bg2 c6 4.Nf3 e4 5.Nd4 Qb6 6.e3 d5 7.Nc3 Bg4 8.Qb3 Na6
2024;Firouzja;2744;Caruana;2796;Derrota;C50;1.e4 e5 2.Nf3 Nc6 3.Bc4 Bc5 4.d3 d6 5.c3 Bb6 6.a4 a6 7.b4 h6 8.h3 Nge7
2024;Caruana;2796;Giri;2745;Empate;A29;1.c4 Nf6 2.Nc3 e5 3.Nf3 Nc6 4.g3 d5 5.cxd5 Nxd5 6.Bg2 Bc5 7.0-0 0-0 8.d3 h6
2024;Caruana;2796;Firouzja;2744;Derrota;A29;1.c4 e5 2.Nc3 Nc6 3.Nf3 Nf6 4.g3 Bb4 5.Bg2 0-0 6.Nd5 e4 7.Nh4 Re8 8.0-0 d6
2024;Caruana;2796;Giri;2745;Vitoria;B90;1.e4 c5 2.Nf3 d6 3.d4 cxd4 4.Nxd4 Nf6 5.Nc3 a6 6.Qd3 Nbd7 7.g3 b6 8.Bg2 Bb7
2024;Caruana;2796;Aronian;2729;Empate;E01;1.d4 Nf6 2.c4 e6 3.g3 d5 4.Bg2 c5 5.cxd5 Nxd5 6.Nf3 cxd4 7.Nxd4 Bc5 8.0-0 0-0
2024;Caruana;2796;Firouzja;2744;Empate;D10;1.c4 c6 2.d4 d5 3.Nc3 Nf6 4.cxd5 cxd5 5.Bf4 Nc6 6.e3 Bf5 7.Qb3 Na5 8.Qa4+ Bd7
2024;Caruana;2796;Aronian;2729;Vitoria;A62;1.d4 Nf6 2.c4 e6 3.g3 c5 4.d5 exd5 5.cxd5 d6 6.Nc3 g6 7.Bg2 Bg7 8.Nf3 0-0
2024;Caruana;2796;Gukesh;2763;Vitoria;A20;1.c4 e5 2.d3 Nf6 3.Nf3 Nc6 4.a3 a5 5.e3 d5 6.cxd5 Nxd5 7.b3 Bd6 8.Bb2 0-0
2024;Aronian;2729;Caruana;2796;Vitoria;C27;1.e4 e5 2.Bc4 Nf6 3.d3 Bc5 4.Nc3 0-0 5.h3 c6 6.Qf3 b5 7.Bb3 a5 8.a3 d6
2024;Praggnanandhaa;2757;Caruana;2796;Vitoria;D00;1.d4 Nf6 2.Bg5 d5 3.Nd2 e6 4.e3 c5 5.c3 Nbd7 6.f4 Be7 7.Bd3 b6 8.Ngf3 Bb7
2024;Gukesh;2763;Caruana;2805;Empate;C50;1.e4 e5 2.Nf3 Nc6 3.Bc4 Bc5 4.d3 d6 5.a4 a5 6.Nc3 h6 7.Be3 Bb4 8.0-0 Bxc3
2024;Caruana;2805;Nepomniachtchi;2770;Empate;D78;1.Nf3 d5 2.g3 g6 3.Bg2 Bg7 4.d4 Nf6 5.0-0 0-0 6.c4 c6 7.Nbd2 a5 8.b3 Ne4
2024;Giri;2745;Caruana;2805;Derrota;E16;1.d4 Nf6 2.c4 e6 3.g3 d5 4.Bg2 Bb4+ 5.Nd2 0-0 6.Ngf3 b6 7.0-0 Bb7 8.b3 Nbd7
2024;Caruana;2796;Aronian;2729;Vitoria;E25;1.d4 Nf6 2.c4 e6 3.Nc3 Bb4 4.f3 d5 5.a3 Bxc3+ 6.bxc3 c5 7.cxd5 Nxd5 8.dxc5 Qa5
2024;Caruana;2805;Praggnanandhaa;2747;Empate;A13;1.c4 Nf6 2.Nf3 e6 3.b3 d5 4.Bb2 c5 5.cxd5 exd5 6.g3 Nc6 7.Bg2 d4 8.0-0 Be7
2024;Caruana;2796;Vidit;2720;Vitoria;A20;1.c4 e5 2.g3 Nf6 3.Bg2 h6 4.d3 Bb4+ 5.Nd2 0-0 6.a3 Bxd2+ 7.Bxd2 d5 8.cxd5 Nxd5
2024;Caruana;2796;Firouzja;2744;Vitoria;A20;1.c4 e5 2.d3 Bb4+ 3.Nd2 c5 4.Ngf3 Nc6 5.g3 d6 6.Bg2 Nge7 7.0-0 Ba5 8.b3 0-0
2024;Caruana;2796;Vachier Lagrave;2718;Empate;B90;1.e4 c5 2.Nf3 d6 3.d4 cxd4 4.Nxd4 Nf6 5.Nc3 a6 6.Qd3 Nbd7 7.g3 g6 8.Bg2 Bg7
2024;Vidit;2720;Caruana;2796;Vitoria;D38;1.d4 Nf6 2.c4 e6 3.Nf3 d5 4.Nc3 Bb4 5.Bg5 h6 6.Bxf6 Qxf6 7.Qa4+ Nc6 8.e3 0-0
2024;Vachier Lagrave;2718;Caruana;2796;Empate;C70;1.e4 e5 2.Nf3 Nc6 3.Bb5 a6 4.Ba4 Nge7 5.c3 Ng6 6.d4 exd4 7.cxd4 Bb4+ 8.Nc3 d5
2024;Theodorou;2600;Caruana;2805;Empate;E06;1.d4 Nf6 2.c4 e6 3.Nf3 d5 4.Nc3 Nbd7 5.g3 Be7 6.Bg2 0-0 7.Qd3 b6 8.cxd5 Nxd5
2024;Caruana;2796;Grischuk;2708;Vitoria;D10;1.d4 d5 2.c4 c6 3.cxd5 cxd5 4.Bf4 Nc6 5.e3 Nf6 6.Bb5 Bg4 7.Nf3 Rc8 8.0-0 e6
2024;Grischuk;2708;Caruana;2796;Empate;A45;1.d4 Nf6 2.Bf4 e6 3.e3 b6 4.Qf3 Nc6 5.c3 Bb7 6.Nd2 Be7 7.h4 0-0 8.h5 Nd5
2024;Abdusattorov;2766;Caruana;2805;Empate;A46;1.d4 Nf6 2.Nf3 e6 3.Bf4 Be7 4.e3 Nh5 5.Bg3 d6 6.c4 Nd7 7.Nc3 0-0 8.Qc2 g6
2024;Vachier Lagrave;2718;Caruana;2796;Vitoria;C78;1.e4 e5 2.Nf3 Nc6 3.Bb5 a6 4.Ba4 Nf6 5.0-0 Bc5 6.c3 b5 7.Bb3 d6 8.d4 Bb6
2024;Grischuk;2708;Caruana;2796;Empate;D30;1.d4 Nf6 2.c4 e6 3.Nf3 d5 4.Bg5 h6 5.Bxf6 Qxf6 6.e3 Nd7 7.Qb3 c6 8.Nbd2 Bd6
2024;Caruana;2796;Mishra;2630;Vitoria;C11;1.e4 e6 2.d4 d5 3.Nc3 Nf6 4.e5 Nfd7 5.Nce2 c5 6.c3 Nc6 7.Nf3 Be7 8.g3 0-0
2024;Caruana;2796;Vidit;2720;Vitoria;A08;1.Nf3 d5 2.g3 c5 3.Bg2 Nf6 4.0-0 g6 5.d3 Bg7 6.Be3 d4 7.Bf4 0-0 8.c3 Nc6
2024;Caruana;2805;So;2757;Empate;A20;1.c4 e5 2.d3 Nf6 3.Nf3 Nc6 4.a3 g6 5.g3 Bg7 6.Bg2 d5 7.cxd5 Nxd5 8.0-0 0-0
2024;Vachier Lagrave;2732;Caruana;2805;Empate;C84;1.e4 e5 2.Nf3 Nc6 3.Bb5 a6 4.Ba4 Nf6 5.0-0 Nxe4 6.d4 Be7 7.Re1 b5 8.Rxe4 d5
2024;Donchenko;2638;Caruana;2798;Derrota;E01;1.d4 Nf6 2.c4 e6 3.Nf3 d5 4.g3 Nc6 5.Bg2 Rb8 6.Nbd2 Be7 7.0-0 0-0 8.b3 b5
2024;Firouzja;2737;Caruana;2805;Vitoria;A45;1.d4 Nf6 2.Bf4 b6 3.c4 Bb7 4.Nc3 d6 5.Nf3 g6 6.d5 Bg7 7.e4 0-0 8.Bd3 e5
2024;Caruana;2796;Vidit;2720;Vitoria;A20;1.c4 e5 2.d3 Nf6 3.Nf3 Nc6 4.a3 d5 5.cxd5 Nxd5 6.e3 Bd6 7.Be2 0-0 8.0-0 a5
2024;Saric;2690;Caruana;2796;Empate;C78;1.e4 e5 2.Nf3 Nc6 3.Bb5 a6 4.Ba4 Nf6 5.0-0 Bc5 6.c3 b5 7.Bb3 d6 8.a4 Bg4
2024;Carlsen;2830;Caruana;2805;Empate;C77;1.e4 e5 2.Nf3 Nc6 3.Bb5 a6 4.Ba4 Nf6 5.Nc3 Bc5 6.0-0 b5 7.Bb3 0-0 8.a4 Rb8
2024;Carlsen;2830;Caruana;2805;Derrota;E12;1.Nf3 Nf6 2.c4 b6 3.Nc3 Bb7 4.d4 e6 5.a3 Ne4 6.Nxe4 Bxe4 7.e3 Be7 8.Bd3 Bxd3
2024;Caruana;2796;Saric;2690;Vitoria;E93;1.d4 Nf6 2.c4 g6 3.Nc3 Bg7 4.e4 d6 5.Nf3 0-0 6.Be2 e5 7.d5 Nbd7 8.Bg5 h6
2024;Sarana;2712;Caruana;2805;Empate;E43;1.d4 Nf6 2.c4 e6 3.Nc3 Bb4 4.e3 b6 5.Bd3 Bb7 6.Nf3 0-0 7.0-0 c5 8.Bd2 cxd4
2024;Saric;2690;Caruana;2796;Vitoria;A05;1.Nf3 Nf6 2.g3 b5 3.e3 a6 4.b3 Bb7 5.c4 b4 6.Bb2 g6 7.Bxf6 exf6 8.Bg2 Bg7
2024;Caruana;2805;Praggnanandhaa;2747;Vitoria;A50;1.d4 Nf6 2.c4 e6 3.g4 Bb4+ 4.Bd2 Qe7 5.Nf3 Nxg4 6.e4 Bxd2+ 7.Qxd2 d6 8.Nc3 Nc6
2024;Caruana;2805;Giri;2745;Empate;B25;1.e4 c5 2.Nc3 Nc6 3.Nge2 g6 4.g3 Bg7 5.Bg2 d6 6.0-0 Nf6 7.d3 0-0 8.h3 Rb8
2024;Giri;2745;Caruana;2805;Vitoria;C41;1.d4 d6 2.e4 Nf6 3.Nc3 Nc6 4.Nf3 e5 5.dxe5 Nxe5 6.Nxe5 dxe5 7.Qxd8+ Kxd8 8.Bc4 Be6
2024;Caruana;2805;Giri;2745;Vitoria;A00;1.Nc3 d5 2.g3 e5 3.e4 dxe4 4.Nxe4 Nf6 5.Bg2 Nxe4 6.Bxe4 Nd7 7.d3 Nf6 8.Bg2 Bc5
2024;Giri;2745;Caruana;2805;Derrota;B08;1.e4 g6 2.d4 Bg7 3.Nf3 c6 4.h3 d6 5.Nc3 Nf6 6.Be3 0-0 7.Bd3 b5 8.0-0 a5
2024;Giri;2745;Caruana;2805;Derrota;B15;1.e4 g6 2.d4 Bg7 3.Nf3 c6 4.h3 d5 5.Nc3 dxe4 6.Nxe4 Nf6 7.Nxf6+ exf6 8.Bc4 0-0
2024;Giri;2745;Caruana;2805;Derrota;B08;1.e4 g6 2.d4 Bg7 3.Nf3 d6 4.Be3 Nf6 5.Nc3 0-0 6.Qd2 a6 7.Bh6 b5 8.Bd3 b4
2024;Caruana;2805;Giri;2745;Derrota;D11;1.d4 d5 2.Nf3 Nf6 3.g3 Bg4 4.Bg2 e6 5.Ne5 Bf5 6.c4 c6 7.Nc3 Nbd7 8.0-0 Be7
2024;Caruana;2805;Giri;2745;Derrota;B34;1.e4 c5 2.Nc3 Nc6 3.Nf3 g6 4.d4 cxd4 5.Nxd4 Bg7 6.Nde2 Nf6 7.g3 0-0 8.Bg2 Rb8
2024;Caruana;2805;Giri;2745;Derrota;B26;1.e4 c5 2.Nc3 Nc6 3.Nge2 g6 4.g3 Bg7 5.Bg2 d6 6.0-0 Nf6 7.d3 0-0 8.h3 Rb8
2024;Giri;2745;Caruana;2805;Derrota;B06;1.e4 g6 2.d4 Bg7 3.Nf3 d6 4.Be3 a6 5.Nc3 b5 6.Bd3 Bb7 7.a4 b4 8.Nb1 Nd7
2024;Caruana;2805;Giri;2745;Vitoria;D02;1.d4 d5 2.Nf3 Nf6 3.g3 c6 4.Bg2 Bg4 5.0-0 Nbd7 6.Nbd2 e6 7.Ne5 Bf5 8.Re1 Be7
2024;Giri;2745;Caruana;2805;Empate;D65;1.d4 c6 2.c4 d5 3.Nc3 Nf6 4.Nf3 e6 5.Bg5 Be7 6.e3 h6 7.Bh4 Nbd7 8.Rc1 a6
2024;Caruana;2805;Giri;2745;Derrota;A11;1.c4 c6 2.Nf3 d5 3.g3 Nf6 4.Bg2 g6 5.0-0 Bg7 6.b3 0-0 7.Bb2 Bg4 8.d3 Nbd7
2024;Giri;2745;Caruana;2805;Derrota;E91;1.d4 g6 2.c4 Bg7 3.e4 c5 4.d5 d6 5.Be2 Nf6 6.Nc3 0-0 7.Nf3 Nbd7 8.0-0 a6
2024;Caruana;2805;Giri;2745;Derrota;B34;1.e4 c5 2.Nc3 Nc6 3.Nf3 g6 4.d4 cxd4 5.Nxd4 Bg7 6.Be3 Nf6 7.Qd2 0-0 8.f3 d5
2024;Giri;2745;Caruana;2805;Vitoria;B12;1.e4 c6 2.d4 d5 3.e5 c5 4.Nf3 Nc6 5.dxc5 Bg4 6.c3 e6 7.Be3 Nge7 8.Bd3 Nf5
2024;Giri;2745;Caruana;2805;Derrota;B00;1.e4 b6 2.d4 Bb7 3.Bd3 e6 4.Nf3 c5 5.c3 cxd4 6.cxd4 Nf6 7.Nc3 Bb4 8.Qe2 0-0
2024;Nakamura;2794;Caruana;2805;Empate;E45;1.d4 Nf6 2.c4 e6 3.Nc3 Bb4 4.e3 b6 5.Nge2 Ba6 6.Ng3 Bxc3+ 7.bxc3 d5 8.Qf3 0-0
2024;Nakamura;2794;Caruana;2805;Vitoria;E45;1.d4 Nf6 2.c4 e6 3.Nc3 Bb4 4.e3 b6 5.Nge2 Ba6 6.Ng3 Bxc3+ 7.bxc3 d5 8.cxd5 Bxf1
2024;Ding;2762;Caruana;2805;Empate;E61;1.d4 d6 2.Nf3 Nf6 3.c4 g6 4.Nc3 Bf5 5.Qb3 b6 6.h3 Bg7 7.g4 Bc8 8.e4 h5
2024;Ding;2762;Caruana;2805;Empate;A14;1.c4 Nf6 2.g3 e6 3.Bg2 d5 4.Nf3 Be7 5.0-0 0-0 6.b3 c5 7.cxd5 Nxd5 8.Nc3 Nc6
2024;Caruana;2805;Carlsen;2830;Derrota;C54;1.e4 e5 2.Nf3 Nc6 3.Bc4 Nf6 4.d3 Bc5 5.0-0 d6 6.c3 a6 7.a4 Ba7 8.h3 h6
2024;Caruana;2805;Praggnanandhaa;2747;Empate;E48;1.d4 Nf6 2.c4 e6 3.Nc3 Bb4 4.e3 0-0 5.Bd3 d5 6.cxd5 exd5 7.Nge2 Re8 8.0-0 Bd6
2024;Caruana;2805;Praggnanandhaa;2747;Vitoria;E36;1.d4 Nf6 2.c4 e6 3.Nc3 Bb4 4.Qc2 0-0 5.a3 Bxc3+ 6.Qxc3 d5 7.e3 b6 8.cxd5 exd5
2024;Caruana;2796;Bacrot;2677;Vitoria;A20;1.c4 e5 2.d3 Nf6 3.Nf3 Nc6 4.a3 d5 5.cxd5 Qxd5 6.Nc3 Qd7 7.e3 b6 8.Be2 Bb7
2024;Caruana;2805;Nakamura;2794;Empate;C54;1.e4 e5 2.Nf3 Nc6 3.Bc4 Nf6 4.d3 h6 5.c3 Bc5 6.0-0 0-0 7.Re1 d6 8.h3 Bb6
2024;Caruana;2805;Nakamura;2794;Derrota;B56;1.e4 c5 2.Nf3 d6 3.d4 cxd4 4.Nxd4 Nf6 5.Nc3 e5 6.Bb5+ Nbd7 7.Nf5 a6 8.Be2 Nc5
2024;Caruana;2805;Ding;2762;Vitoria;C54;1.e4 e5 2.Nf3 Nc6 3.Bc4 Nf6 4.d3 Bc5 5.0-0 0-0 6.Nbd2 d6 7.c3 a5 8.h3 h6
2024;Durarbayli;2626;Caruana;2798;Derrota;B33;1.e4 c5 2.Nf3 Nc6 3.d4 cxd4 4.Nxd4 Nf6 5.Nc3 e5 6.Ndb5 d6 7.Bg5 a6 8.Na3 b5
2024;Praggnanandhaa;2747;Caruana;2805;Derrota;E05;1.d4 Nf6 2.c4 e6 3.Nf3 d5 4.g3 Be7 5.Bg2 0-0 6.0-0 dxc4 7.Qa4 a6 8.Qxc4 b5
2024;Caruana;2805;Firouzja;2737;Empate;C54;1.e4 e5 2.Nf3 Nc6 3.Bc4 Nf6 4.d3 Bc5 5.Nbd2 a6 6.c3 0-0 7.0-0 d6 8.a3 Ba7
2024;Caruana;2805;Firouzja;2737;Empate;C54;1.e4 e5 2.Nf3 Nc6 3.Bc4 Nf6 4.d3 Bc5 5.Nbd2 d6 6.c3 a6 7.Nf1 0-0 8.Ng3 Ba7
2024;Karthikeyan;2624;Caruana;2798;Vitoria;B57;1.e4 c5 2.Nf3 d6 3.d4 cxd4 4.Nxd4 Nf6 5.Nc3 Nc6 6.Bc4 e5 7.Nf5 Bxf5 8.exf5 Qa5
2024;Caruana;2798;Karthikeyan;2624;Vitoria;E71;1.d4 Nf6 2.c4 g6 3.Nc3 Bg7 4.e4 d6 5.h3 0-0 6.Be3 a5 7.Nf3 a4 8.Bd3 a3
2024;Karthikeyan;2624;Caruana;2798;Vitoria;B60;1.e4 c5 2.Nf3 d6 3.d4 cxd4 4.Nxd4 Nf6 5.Nc3 Nc6 6.Bg5 g6 7.Bxf6 exf6 8.Qd2 Bg7
2024;Firouzja;2737;Caruana;2805;Derrota;A06;1.Nf3 d5 2.b3 Bf5 3.Bb2 Nf6 4.g3 c5 5.d3 Nc6 6.Nh4 Bd7 7.Bg2 e5 8.e4 Bg4
2024;Firouzja;2737;Caruana;2805;Empate;D02;1.d4 Nf6 2.Bf4 d5 3.e3 c5 4.Nf3 Nc6 5.Nbd2 Bg4 6.c3 e6 7.Qb3 Qc8 8.h3 Bh5
2024;Caruana;2796;Anton Guijarro;2669;Vitoria;E24;1.c4 e6 2.Nc3 d5 3.d4 Bb4 4.cxd5 exd5 5.a3 Bxc3+ 6.bxc3 Nf6 7.e3 Bf5 8.Ne2 0-0
2024;Caruana;2805;Deac;2680;Vitoria;E29;1.d4 Nf6 2.c4 e6 3.Nc3 Bb4 4.e3 0-0 5.a3 Bxc3+ 6.bxc3 c5 7.Bd3 Nc6 8.Rb1 d6
2024;Caruana;2796;Christiansen;2655;Derrota;A20;1.c4 e5 2.d3 Nc6 3.Nf3 Bc5 4.Nc3 a6 5.a3 d6 6.b4 Ba7 7.g3 Bg4 8.Bg2 Nf6
2024;Cheparinov;2628;Caruana;2798;Vitoria;B30;1.e4 c5 2.Nf3 Nc6 3.Bb5 e6 4.0-0 Nge7 5.Re1 Nd4 6.Nxd4 cxd4 7.c3 a6 8.Bf1 Nc6
2024;Nakamura;2795;Caruana;2805;Derrota;D35;1.d4 Nf6 2.Bg5 d5 3.e3 e6 4.c4 Be7 5.Nc3 0-0 6.Rc1 h6 7.Bh4 Nbd7 8.cxd5 exd5
2024;Oparin;2662;Caruana;2796;Empate;E16;1.d4 Nf6 2.c4 e6 3.Nf3 b6 4.g3 Bb7 5.Bg2 Bb4+ 6.Bd2 Be7 7.0-0 c6 8.Qb3 0-0
2024;Caruana;2796;Oparin;2662;Empate;A06;1.Nf3 c5 2.b3 Nc6 3.Bb2 d5 4.e3 Nf6 5.Bb5 Bd7 6.0-0 e6 7.c4 a6 8.Bxc6 Bxc6
2024;Oparin;2662;Caruana;2796;Vitoria;A22;1.c4 e5 2.Nc3 Bb4 3.d3 Nf6 4.Bd2 0-0 5.Nf3 Re8 6.a3 Bxc3 7.Bxc3 e4 8.dxe4 Nxe4
2024;Caruana;2796;Oparin;2662;Empate;B50;1.Nf3 c5 2.e4 d6 3.Bc4 Nf6 4.d3 e6 5.0-0 Nc6 6.c3 Be7 7.Bb3 0-0 8.Re1 b5
2024;Caruana;2796;Sindarov;2674;Derrota;C55;1.e4 e5 2.Nf3 Nc6 3.Bc4 Nf6 4.d3 h6 5.c3 d6 6.a4 g5 7.a5 Bg7 8.a6 b6
2024;Caruana;2796;Sjugirov;2651;Empate;C54;1.e4 e5 2.Nf3 Nc6 3.Bc4 Bc5 4.0-0 Nf6 5.d3 0-0 6.Nbd2 d6 7.c3 a6 8.a4 Ba7
2024;Dominguez Perez;2748;Caruana;2805;Vitoria;C78;1.e4 e5 2.Nf3 Nc6 3.Bb5 a6 4.Ba4 Nf6 5.0-0 b5 6.Bb3 Bc5 7.c3 d6 8.d4 Bb6
2024;Eljanov;2672;Caruana;2796;Vitoria;A46;1.d4 Nf6 2.Nf3 d6 3.Nc3 Bf5 4.Nh4 Bg6 5.Nxg6 hxg6 6.e4 e6 7.Be3 Nbd7 8.Be2 c6
2024;Naroditsky;2619;Caruana;2798;Empate;B22;1.e4 c5 2.c3 d5 3.exd5 Qxd5 4.d4 Nf6 5.Nf3 e6 6.Na3 a6 7.Nc4 Nbd7 8.Ne3 Qc6
2024;Duda;2734;Caruana;2805;Empate;B30;1.e4 c5 2.Nf3 Nc6 3.Bb5 Nf6 4.Bxc6 dxc6 5.d3 Qc7 6.Nbd2 e5 7.Nc4 Be6 8.b3 Nd7
2024;Caruana;2805;So;2757;Empate;C67;1.e4 e5 2.Nf3 Nc6 3.Bb5 Nf6 4.0-0 Nxe4 5.Re1 Nd6 6.Nxe5 Be7 7.Bf1 Nxe5 8.Rxe5 0-0
2024;Oparin;2662;Caruana;2796;Vitoria;B06;1.Nc3 d6 2.d4 g6 3.e4 Bg7 4.f4 a6 5.Nf3 b5 6.Bd3 Nd7 7.0-0 c5 8.dxc5 Nxc5
2024;Theodorou;2619;Caruana;2798;Empate;E08;1.d4 Nf6 2.c4 e6 3.Nf3 d5 4.g3 Bb4+ 5.Bd2 Be7 6.Bg2 0-0 7.0-0 c6 8.Qc2 Nbd7
2024;Caruana;2805;Vachier Lagrave;2732;Empate;A25;1.c4 e5 2.Nc3 Nf6 3.g3 Bb4 4.e4 d6 5.Bg2 Nc6 6.Nge2 h5 7.h3 Bc5 8.d3 Nh7
2024;Caruana;2805;Anton Guijarro;2669;Vitoria;A84;1.d4 d5 2.c4 e6 3.Nc3 c6 4.e3 Nd7 5.Nf3 f5 6.Bd3 Nh6 7.0-0 Bd6 8.Bd2 0-0
2024;Caruana;2805;Nihal;2669;Derrota;E49;1.d4 Nf6 2.c4 e6 3.Nc3 Bb4 4.e3 0-0 5.a3 Bxc3+ 6.bxc3 c6 7.Bd3 d5 8.Ne2 b6
2024;Narayanan;2695;Caruana;2805;Vitoria;B30;1.e4 c5 2.Nf3 Nc6 3.Nc3 Nf6 4.Bb5 Nd4 5.Bc4 e6 6.d3 Nc6 7.0-0 d6 8.Re1 Be7
2024;Naroditsky;2619;Caruana;2798;Vitoria;C77;1.e4 e5 2.Nf3 Nc6 3.Bb5 a6 4.Ba4 Nf6 5.Nc3 b5 6.Bb3 Bc5 7.Nd5 d6 8.d3 h6
2024;Eljanov;2671;Caruana;2805;Vitoria;E61;1.d4 d6 2.Nf3 Nf6 3.c4 g6 4.Nc3 Bf5 5.Qb3 b6 6.h3 Bg7 7.g4 Bc8 8.Bg2 Bb7
2024;Caruana;2805;Korobov;2659;Derrota;E49;1.d4 Nf6 2.c4 e6 3.Nc3 Bb4 4.e3 0-0 5.a3 Bxc3+ 6.bxc3 b6 7.Bd3 d5 8.cxd5 exd5
2024;Sjugirov;2691;Caruana;2805;Derrota;B33;1.e4 c5 2.Nf3 Nc6 3.d4 cxd4 4.Nxd4 Nf6 5.Nc3 e5 6.Ndb5 d6 7.Bg5 a6 8.Na3 b5
2024;Caruana;2805;Esipenko;2704;Empate;C55;1.e4 e5 2.Nf3 Nc6 3.Bc4 Nf6 4.d3 Be7 5.Nc3 0-0 6.a3 d6 7.Bd2 Bg4 8.h3 Bxf3
2024;Esipenko;2704;Caruana;2805;Empate;C50;1.e4 e5 2.Nf3 Nc6 3.Bc4 Nf6 4.d3 Bc5 5.h3 d6 6.a3 a5 7.Be3 0-0 8.Bxc5 dxc5
2024;Caruana;2805;Esipenko;2704;Derrota;C85;1.e4 e5 2.Nf3 Nc6 3.Bb5 a6 4.Ba4 Nf6 5.0-0 Be7 6.Bxc6 dxc6 7.d3 Nd7 8.Be3 a5
2024;Caruana;2803;Nepomniachtchi;2758;Empate;D35;1.d4 Nf6 2.c4 e6 3.Nc3 d5 4.cxd5 exd5 5.Bg5 Bb4 6.e3 h6 7.Bh4 g5 8.Bg3 Ne4
2024;Nihal;2669;Caruana;2805;Vitoria;A48;1.b3 g6 2.Bb2 Nf6 3.Nf3 Bg7 4.e3 0-0 5.d4 d6 6.Be2 Nbd7 7.0-0 b6 8.c4 Bb7
2024;Caruana;2805;Nihal;2669;Vitoria;A40;1.d4 g6 2.Nf3 Bg7 3.e3 d6 4.Be2 Nc6 5.0-0 e5 6.c4 exd4 7.exd4 Nf6 8.d5 Ne5
2024;Nihal;2669;Caruana;2805;Derrota;E61;1.d4 g6 2.Nf3 Nf6 3.c4 Bg7 4.Nc3 Kf8 5.e4 d6 6.Be2 h6 7.0-0 Nbd7 8.e5 Nh7
2024;Caruana;2805;Nihal;2669;Derrota;E65;1.d4 Nf6 2.Nf3 g6 3.g3 d6 4.Bg2 Bg7 5.0-0 0-0 6.c4 c5 7.Nc3 cxd4 8.Nxd4 Nc6
2024;Caruana;2805;Nihal;2669;Empate;B13;1.d4 d5 2.Nf3 Nf6 3.e3 c5 4.Be2 cxd4 5.exd4 Nc6 6.0-0 Bg4 7.c3 e6 8.Ne5 Bxe2
2024;Caruana;2805;Nihal;2669;Derrota;A41;1.d4 g6 2.Nf3 Bg7 3.g3 d6 4.Bg2 Nc6 5.0-0 Bd7 6.c4 Qc8 7.d5 Ne5 8.Nxe5 Bxe5
2024;Caruana;2805;Nihal;2669;Derrota;A00;1.d3 g6 2.Nf3 Bg7 3.h4 d6 4.h5 Nc6 5.h6 Bf6 6.e4 e5 7.Nc3 Nge7 8.Nd5 Nxd5
2024;Nihal;2669;Caruana;2805;Vitoria;D78;1.Nf3 Nf6 2.g3 g6 3.Bg2 Bg7 4.0-0 0-0 5.d4 c6 6.b3 d5 7.Bb2 a5 8.Nbd2 a4
2024;Nihal;2669;Caruana;2805;Derrota;A48;1.d4 g6 2.Nf3 Bg7 3.Nbd2 Nf6 4.e4 0-0 5.e5 Ne8 6.Ne4 d6 7.exd6 cxd6 8.Bd3 Nc6
2024;Caruana;2805;Nihal;2669;Empate;B11;1.e4 c6 2.Nc3 d5 3.Nf3 dxe4 4.Nxe4 Nf6 5.d3 Nxe4 6.dxe4 Qxd1+ 7.Kxd1 Bg4 8.c3 Nd7
2024;Caruana;2805;Nihal;2669;Derrota;E61;1.d4 Nf6 2.Nf3 g6 3.e3 d6 4.Be2 Bg7 5.0-0 0-0 6.c4 Nbd7 7.Nc3 e5 8.b3 exd4
2024;Nihal;2669;Caruana;2805;Derrota;E91;1.d4 g6 2.Nf3 Bg7 3.c4 Nf6 4.Nc3 0-0 5.e4 d6 6.Be2 c5 7.0-0 Nc6 8.d5 Na5
2024;Nihal;2669;Caruana;2805;Vitoria;A48;1.d4 g6 2.Nf3 Nf6 3.e3 Bg7 4.Nbd2 0-0 5.Be2 d6 6.0-0 Nbd7 7.b3 e5 8.dxe5 dxe5
2024;Nihal;2669;Caruana;2805;Derrota;A46;1.d4 Nf6 2.Nf3 d6 3.Bg5 Nbd7 4.Nbd2 h6 5.Bxf6 Nxf6 6.e4 g6 7.Bc4 Bg7 8.e5 dxe5
2024;Nihal;2669;Caruana;2805;Vitoria;A49;1.Nf3 Nf6 2.g3 g6 3.Bg2 Bg7 4.0-0 0-0 5.d4 d6 6.c3 Nbd7 7.Nbd2 c5 8.Qc2 b6
2024;Nihal;2669;Caruana;2805;Derrota;A48;1.d4 Nf6 2.Nf3 d6 3.Bf4 g6 4.e3 Bg7 5.Nbd2 0-0 6.h3 b6 7.Bh2 Bb7 8.Be2 Nbd7
2024;Nihal;2669;Caruana;2805;Derrota;E14;1.Nf3 d5 2.b3 Nf6 3.e3 e6 4.Bb2 Be7 5.c4 0-0 6.Nc3 b6 7.d4 Bb7 8.cxd5 exd5
2024;Caruana;2805;Nihal;2669;Derrota;A41;1.d4 g6 2.Nf3 Bg7 3.g3 d6 4.Bg2 Nc6 5.0-0 Bd7 6.c4 Qc8 7.Nc3 Bh3 8.d5 Ne5
2024;Caruana;2805;Nihal;2669;Empate;C48;1.e4 e5 2.Nc3 Nc6 3.Nf3 Nf6 4.Bb5 Nd4 5.Nxe5 Bc5 6.0-0 Qe7 7.Nf3 0-0 8.Nxd4 Bxd4
2024;Caruana;2805;Nihal;2669;Derrota;A07;1.d4 c6 2.Nf3 d5 3.g3 Nf6 4.Bg2 Bg4 5.0-0 e6 6.c4 Nbd7 7.Nc3 Bd6 8.cxd5 exd5
2024;Esipenko;2704;Caruana;2805;Vitoria;B30;1.e4 c5 2.Nf3 Nc6 3.Bb5 Nf6 4.Bxc6 dxc6 5.d3 Qc7 6.h3 e5 7.Nc3 Be7 8.Be3 Nd7
2024;Praggnanandhaa;2747;Caruana;2803;Vitoria;B30;1.e4 c5 2.Nf3 Nc6 3.Bb5 Nf6 4.Bxc6 dxc6 5.d3 Qc7 6.Nbd2 e5 7.a4 Be6 8.b3 Be7
2024;Nakamura;2789;Caruana;2803;Derrota;C78;1.e4 e5 2.Nf3 Nc6 3.Bb5 a6 4.Ba4 Nf6 5.d3 Bc5 6.0-0 d6 7.c3 0-0 8.Re1 Ne7
2024;Caruana;2803;Firouzja;2760;Vitoria;B90;1.e4 c5 2.Nf3 d6 3.d4 cxd4 4.Nxd4 Nf6 5.Nc3 a6 6.Rg1 h5 7.Bc4 g6 8.Bg5 Bg7
2024;Svane;2636;Caruana;2796;Vitoria;B30;1.e4 c5 2.Nf3 Nc6 3.Bb5 Nf6 4.Nc3 g6 5.Bxc6 bxc6 6.0-0 Bg7 7.d4 cxd4 8.Qxd4 d6
2024;Sevian;2699;Caruana;2805;Empate;B33;1.e4 c5 2.Nf3 Nc6 3.Nc3 Nf6 4.d4 cxd4 5.Nxd4 e5 6.Ndb5 d6 7.Bg5 a6 8.Na3 b5
2024;Gukesh;2743;Caruana;2803;Empate;D35;1.d4 Nf6 2.c4 e6 3.Nf3 d5 4.Nc3 Nbd7 5.cxd5 exd5 6.Bg5 h6 7.Bh4 c6 8.e3 g5
2024;Murzin;2588;Caruana;2766;Derrota;B33;1.e4 c5 2.Nf3 Nc6 3.Nc3 Nf6 4.d4 cxd4 5.Nxd4 e5 6.Ndb5 d6 7.Bg5 a6 8.Na3 b5
2024;Nepomniachtchi;2758;Caruana;2803;Empate;C47;1.e4 e5 2.Nf3 Nc6 3.Nc3 Nf6 4.d4 exd4 5.Nxd4 Bb4 6.Nxc6 bxc6 7.Bd3 d5 8.exd5 0-0
2024;Shirov;2660;Caruana;2805;Vitoria;C78;1.e4 e5 2.Nf3 Nc6 3.Bb5 a6 4.Ba4 Nf6 5.0-0 Bc5 6.c3 b5 7.Bb3 d6 8.a4 Bb7
2024;Caruana;2803;Vidit;2727;Vitoria;C54;1.e4 e5 2.Nf3 Nc6 3.Bc4 Bc5 4.0-0 Nf6 5.d3 d6 6.c3 a6 7.a4 Ba7 8.Nbd2 0-0
2024;Caruana;2803;Praggnanandhaa;2747;Empate;C02;1.e4 e6 2.d4 d5 3.e5 c5 4.c3 Nc6 5.Nf3 Qb6 6.a3 Bd7 7.b4 cxd4 8.cxd4 Rc8
2024;Caruana;2803;Nakamura;2789;Empate;B56;1.e4 c5 2.Nf3 d6 3.d4 cxd4 4.Nxd4 Nf6 5.Nc3 e5 6.Bb5+ Nbd7 7.Nf5 a6 8.Ba4 b5
2024;Firouzja;2760;Caruana;2803;Empate;B30;1.e4 c5 2.Nf3 Nc6 3.Bb5 Nf6 4.Nc3 Nd4 5.e5 Nxb5 6.Nxb5 Nd5 7.c4 Nc7 8.Nc3 d5
2024;Caruana;2803;Gukesh;2743;Empate;C54;1.e4 e5 2.Nf3 Nc6 3.Bc4 Bc5 4.0-0 Nf6 5.d3 d6 6.c3 a6 7.a4 Ba7 8.h3 0-0
2024;Svane;2636;Caruana;2796;Empate;B31;1.e4 c5 2.Nf3 Nc6 3.Bb5 Nf6 4.Nc3 g6 5.0-0 Bg7 6.e5 Ng4 7.Bxc6 dxc6 8.Re1 Nh6
2024;Vidit;2727;Caruana;2803;Empate;B30;1.e4 c5 2.Nf3 Nc6 3.Bb5 Nf6 4.Bxc6 dxc6 5.d3 Bg4 6.h3 Bh5 7.Bf4 c4 8.Nc3 cxd3
2024;Moussard;2600;Caruana;2798;Vitoria;C02;1.e4 e6 2.d4 d5 3.e5 c5 4.c3 Nc6 5.Nf3 Bd7 6.Be2 Nge7 7.Na3 cxd4 8.cxd4 Nf5
2024;Moussard;2600;Caruana;2798;Empate;C15;1.e4 e6 2.d4 d5 3.Nc3 Bb4 4.Nge2 dxe4 5.a3 Bxc3+ 6.Nxc3 Nc6 7.d5 exd5 8.Qxd5 Be6
2024;Caruana;2798;Moussard;2600;Vitoria;D35;1.d4 Nf6 2.c4 e6 3.Nc3 d5 4.cxd5 exd5 5.Bg5 c6 6.e3 h6 7.Bh4 Be7 8.Bd3 0-0
2024;Nakamura;2789;Caruana;2804;Empate;B50;1.e4 c5 2.Nf3 d6 3.Bc4 Nc6 4.d3 g6 5.c3 Bg7 6.Bb3 Nf6 7.0-0 0-0 8.Re1 e5
2024;Burke;2573;Caruana;2805;Vitoria;C02;1.e4 e6 2.d4 d5 3.e5 c5 4.c3 Nc6 5.Nf3 Bd7 6.Be2 Nge7 7.0-0 cxd4 8.cxd4 Nf5
2024;Caruana;2804;So;2757;Vitoria;A21;1.c4 e5 2.Nc3 Bb4 3.Nd5 Be7 4.Nf3 d6 5.g3 Nf6 6.Nc3 0-0 7.Bg2 Re8 8.d4 Nc6
2024;Murzin;2637;Caruana;2796;Vitoria;A48;1.d4 Nf6 2.Nf3 d6 3.Bg5 g6 4.Nbd2 Bg7 5.e4 0-0 6.c3 c5 7.dxc5 dxc5 8.Bc4 Nc6
2024;So;2757;Caruana;2804;Empate;E97;1.d4 Nf6 2.c4 g6 3.Nc3 Bg7 4.e4 d6 5.Be2 0-0 6.Nf3 Qe8 7.e5 Nfd7 8.exd6 cxd6
2024;Caruana;2804;So;2757;Empate;E46;1.d4 Nf6 2.c4 e6 3.Nc3 Bb4 4.e3 0-0 5.Nge2 d5 6.a3 Be7 7.cxd5 exd5 8.Nf4 c6
2024;So;2757;Caruana;2804;Vitoria;D00;1.d4 Nf6 2.Nc3 d5 3.Bf4 Bf5 4.e3 e6 5.Bd3 Bg6 6.h4 Bd6 7.h5 Bxd3 8.Qxd3 h6
2024;So;2757;Caruana;2804;Derrota;B40;1.e4 c5 2.Nf3 e6 3.Bd3 d5 4.exd5 exd5 5.0-0 Nf6 6.Bb5+ Bd7 7.Bxd7+ Nbxd7 8.d4 Be7
2024;Caruana;2804;So;2757;Empate;C67;1.e4 e5 2.Nf3 Nc6 3.Bb5 Nf6 4.0-0 Nxe4 5.Re1 Nd6 6.Nxe5 Be7 7.Bf1 Nxe5 8.Rxe5 0-0
2024;Caruana;2804;So;2757;Derrota;C65;1.e4 e5 2.Nf3 Nc6 3.Bb5 Nf6 4.d3 Bc5 5.Bxc6 dxc6 6.Nbd2 Nd7 7.0-0 a5 8.Nc4 Qe7
2024;Caruana;2804;Dominguez Perez;2749;Vitoria;C65;1.e4 e5 2.Nf3 Nc6 3.Bb5 Nf6 4.d3 Bc5 5.Bxc6 dxc6 6.0-0 Nd7 7.Nbd2 0-0 8.Nc4 f6
2024;Dominguez Perez;2749;Caruana;2804;Empate;B90;1.e4 c5 2.Nf3 d6 3.d4 cxd4 4.Nxd4 Nf6 5.Nc3 a6 6.Be3 Ng4 7.Bg5 h6 8.Bh4 g5
2024;Caruana;2804;Dominguez Perez;2749;Derrota;D35;1.d4 Nf6 2.c4 e6 3.Nc3 d5 4.cxd5 exd5 5.Bg5 c6 6.e3 Bf5 7.Nge2 h6 8.Bf4 Nbd7
2024;Dominguez Perez;2749;Caruana;2804;Vitoria;C70;1.e4 e5 2.Nf3 Nc6 3.Bb5 a6 4.Ba4 Nge7 5.c3 Ng6 6.d4 exd4 7.cxd4 Bb4+ 8.Nc3 d5
2024;Dominguez Perez;2749;Caruana;2804;Empate;B80;1.e4 c5 2.Nf3 d6 3.d4 cxd4 4.Nxd4 Nf6 5.Nc3 a6 6.Be3 e6 7.a3 Be7 8.f3 h5
2024;Caruana;2804;Dominguez Perez;2749;Vitoria;D35;1.d4 Nf6 2.c4 e6 3.Nc3 d5 4.cxd5 exd5 5.Bg5 c6 6.e3 Bf5 7.Qf3 Bg6 8.Bxf6 Qxf6
2024;Shirov;2668;Caruana;2805;Derrota;B41;1.e4 c5 2.Nf3 e6 3.d4 cxd4 4.Nxd4 a6 5.c4 Nf6 6.Nc3 Qc7 7.a3 b6 8.Be3 Bb7
2024;Sargsyan;2639;Caruana;2805;Derrota;A21;1.c4 e5 2.g3 Be7 3.Bg2 f5 4.d4 d6 5.Nc3 Nf6 6.e3 0-0 7.Nge2 a5 8.b3 c6
2024;Caruana;2804;Andreikin;2729;Vitoria;B30;1.e4 c5 2.Nf3 Nc6 3.Bb5 Nf6 4.Nc3 g6 5.e5 Ng4 6.Bxc6 dxc6 7.h3 Nh6 8.d3 Nf5
2024;Caruana;2804;Aronian;2722;Vitoria;A21;1.c4 e5 2.Nc3 Bb4 3.Nd5 Be7 4.Nf3 c6 5.Nc3 d6 6.d4 Nd7 7.e4 Ngf6 8.Be2 0-0
2024;Yoo;2590;Caruana;2796;Vitoria;A34;1.Nf3 c5 2.c4 b6 3.Nc3 Bb7 4.e4 e6 5.d4 cxd4 6.Nxd4 Nf6 7.Bd3 Nc6 8.Nxc6 dxc6
2024;Aronian;2722;Caruana;2804;Empate;C00;1.e4 c5 2.Nf3 e6 3.g3 Nc6 4.Bg2 Nf6 5.d3 d5 6.Qe2 Be7 7.0-0 b5 8.Bg5 0-0
2024;Caruana;2804;Aronian;2722;Empate;D90;1.d4 Nf6 2.c4 g6 3.Nc3 d5 4.Nf3 Bg7 5.h4 0-0 6.cxd5 Nxd5 7.h5 c5 8.hxg6 hxg6
2024;Caruana;2804;Aronian;2722;Derrota;C54;1.e4 e5 2.Nf3 Nc6 3.Bc4 Bc5 4.c3 Nf6 5.d3 0-0 6.a4 d5 7.exd5 Nxd5 8.a5 Nf6
2024;Aronian;2722;Caruana;2804;Derrota;B51;1.e4 c5 2.Nf3 d6 3.Bb5+ Nd7 4.0-0 a6 5.Bd3 g6 6.c3 Bg7 7.Bc2 Ngf6 8.d4 0-0
2024;Caruana;2804;Kramnik;2753;Derrota;C11;1.e4 e6 2.d4 d5 3.Nc3 Nf6 4.e5 Nfd7 5.Nce2 c5 6.c3 Nc6 7.f4 Be7 8.Nf3 0-0
2024;Caruana;2804;Aronian;2722;Empate;D86;1.d4 Nf6 2.c4 g6 3.Nc3 d5 4.cxd5 Nxd5 5.e4 Nxc3 6.bxc3 Bg7 7.Bc4 0-0 8.Ne2 Nc6
2024;Aronian;2722;Caruana;2804;Empate;C68;1.e4 e5 2.Nf3 Nc6 3.Bb5 a6 4.Bxc6 dxc6 5.Nc3 f6 6.d4 exd4 7.Qxd4 Qxd4 8.Nxd4 Bd7
2024;Caruana;2805;Ter Sahakyan;2650;Vitoria;A21;1.c4 e5 2.Nc3 Bb4 3.Nd5 Be7 4.Nf3 d6 5.g3 Nf6 6.Nc3 0-0 7.Bg2 c6 8.0-0 Re8
2024;Caruana;2805;Ter Sahakyan;2628;Vitoria;C72;1.e4 e5 2.Nf3 Nc6 3.Bb5 a6 4.Ba4 d6 5.0-0 Bg4 6.c4 Qf6 7.Nc3 Bxf3 8.gxf3 0-0-0
2024;Caruana;2805;Chigaev;2646;Empate;C54;1.e4 e5 2.Nf3 Nc6 3.Bc4 Nf6 4.d3 Bc5 5.0-0 d6 6.c3 h6 7.Nbd2 0-0 8.h3 a5
2024;Kamsky;2615;Caruana;2796;Empate;A46;1.d4 Nf6 2.Nf3 e6 3.Bf4 Be7 4.h3 c5 5.e3 Qb6 6.Qc1 d5 7.c3 Bd6 8.Bxd6 Qxd6
2024;Caruana;2805;Matviishen;2566;Vitoria;B23;1.e4 c5 2.Nc3 a6 3.Nge2 d6 4.g3 e5 5.Bg2 g6 6.d3 Bg7 7.Nd5 Nc6 8.Nec3 Nce7
2024;Bluebaum;2647;Caruana;2805;Vitoria;D05;1.Nf3 c5 2.e3 Nc6 3.d4 d5 4.c3 e6 5.Nbd2 Nf6 6.Bd3 Bd6 7.0-0 0-0 8.dxc5 Bxc5
2024;Bluebaum;2647;Caruana;2805;Derrota;D32;1.Nf3 d5 2.c4 e6 3.e3 Nf6 4.Nc3 Be7 5.b3 0-0 6.Bb2 c5 7.cxd5 exd5 8.d4 cxd4
2024;Caruana;2805;Bluebaum;2647;Vitoria;A13;1.c4 e6 2.Nf3 d5 3.g3 dxc4 4.Qa4+ Bd7 5.Qxc4 c5 6.Ne5 Nc6 7.Nxd7 Qxd7 8.Bg2 Nf6
2024;Bluebaum;2647;Caruana;2805;Vitoria;E51;1.d4 Nf6 2.c4 e6 3.Nc3 Bb4 4.e3 d5 5.Bd2 0-0 6.Nf3 Nbd7 7.a3 Be7 8.cxd5 exd5
2024;Kramnik;2753;Caruana;2804;Vitoria;C55;1.e4 e5 2.Nf3 Nc6 3.Bc4 Nf6 4.d3 Be7 5.0-0 0-0 6.Re1 d6 7.a4 Be6 8.Nbd2 Bxc4
2024;Durarbayli;2618;Caruana;2805;Vitoria;B30;1.e4 c5 2.Nf3 Nc6 3.Bb5 Nf6 4.Bxc6 dxc6 5.d3 Qc7 6.h3 e5 7.Be3 Be7 8.Nbd2 Nd7
2024;Caruana;2804;Dominguez Perez;2752;Vitoria;A36;1.c4 c5 2.Nc3 g6 3.g3 Bg7 4.Bg2 Nc6 5.e3 e6 6.b3 Nge7 7.Ba3 Qa5 8.Bb2 d5
2024;Caruana;2804;Nihal;2693;Derrota;C60;1.e4 e5 2.Nf3 Nc6 3.Bb5 Nge7 4.0-0 Ng6 5.Nc3 Bc5 6.d3 h6 7.Ne2 0-0 8.c3 Bb6
2024;Oparin;2671;Caruana;2804;Empate;D16;1.c4 c6 2.Nf3 d5 3.d4 Nf6 4.Nc3 dxc4 5.a4 e6 6.e3 c5 7.Bxc4 Nc6 8.0-0 cxd4
2024;Caruana;2804;Oparin;2671;Vitoria;D37;1.d4 d5 2.c4 e6 3.Nc3 a6 4.cxd5 exd5 5.Nf3 Nf6 6.Bg5 Be6 7.e3 Nbd7 8.h3 Bd6
2024;Oparin;2671;Caruana;2804;Vitoria;D02;1.d4 d5 2.Nf3 Nf6 3.g3 Bf5 4.Nh4 Bg6 5.Bg2 c6 6.0-0 Nbd7 7.Nxg6 hxg6 8.c4 dxc4
2024;Caruana;2805;Svane;2635;Vitoria;A25;1.c4 Nf6 2.Nc3 e5 3.g3 Bb4 4.e4 0-0 5.Nge2 Nc6 6.Bg2 Nd4 7.0-0 Bc5 8.d3 d6
2024;Caruana;2796;Bortnyk;2608;Vitoria;E91;1.d4 Nf6 2.c4 b6 3.Nc3 Bb7 4.Qc2 g6 5.e4 d6 6.Nf3 Bg7 7.Be2 0-0 8.0-0 Nc6
2024;Erigaisi;2738;Caruana;2804;Derrota;A20;1.c4 e5 2.d3 Nf6 3.Nf3 Nc6 4.a3 d5 5.cxd5 Nxd5 6.e4 Nf6 7.Be2 Bd6 8.0-0 0-0
2024;Caruana;2805;Kevlishvili;2556;Vitoria;B51;1.e4 c5 2.Nf3 Nc6 3.Bb5 d6 4.0-0 Bd7 5.Re1 Nf6 6.c3 a6 7.Bf1 Bg4 8.h3 Bxf3
2024;Vachier Lagrave;2734;Caruana;2804;Vitoria;B51;1.e4 c5 2.Nf3 Nc6 3.Bb5 d6 4.0-0 Bd7 5.c3 Nf6 6.Re1 a6 7.Bc4 b5 8.Bf1 e5
2024;Duda;2732;Caruana;2804;Derrota;B51;1.e4 c5 2.Nf3 Nc6 3.Bb5 d6 4.0-0 Bd7 5.Re1 a6 6.Bf1 Bg4 7.h3 Bxf3 8.Qxf3 e6
2024;Caruana;2805;Kamsky;2613;Empate;A81;1.d4 f5 2.g3 Nf6 3.Bg2 g6 4.Nf3 Bg7 5.0-0 0-0 6.b4 c6 7.Bb2 a5 8.a3 axb4
2024;Caruana;2805;Santos Latasa;2626;Empate;A33;1.c4 c5 2.Nf3 Nc6 3.Nc3 Nf6 4.d4 cxd4 5.Nxd4 e6 6.a3 Bc5 7.Nb3 Bb6 8.c5 Bc7
2024;Caruana;2796;Kuzubov;2606;Vitoria;C42;1.e4 e5 2.Nf3 Nf6 3.Nxe5 d6 4.Nf3 Nxe4 5.d4 d5 6.Bd3 Be7 7.0-0 Bf5 8.Re1 Nc6
2024;Caruana;2805;Demchenko;2609;Empate;A25;1.c4 e5 2.Nc3 Nc6 3.g3 Bc5 4.Bg2 d6 5.e3 Bb6 6.Nge2 h5 7.h4 Bg4 8.Nd5 Nge7
2024;Caruana;2805;Kamsky;2613;Empate;B42;1.e4 c5 2.Nf3 e6 3.d4 cxd4 4.Nxd4 a6 5.Bd3 Bc5 6.Nb3 Ba7 7.0-0 Ne7 8.c4 d6
2024;Paravyan;2610;Caruana;2805;Vitoria;B15;1.e4 c6 2.d4 d5 3.Nd2 dxe4 4.Nxe4 Nf6 5.Qd3 Na6 6.a3 Nc7 7.Nf3 Nxe4 8.Qxe4 Qd5
2024;Nakamura;2788;Caruana;2804;Empate;B53;1.e4 c5 2.Nf3 d6 3.d4 cxd4 4.Qxd4 Nf6 5.c4 Nc6 6.Qe3 g6 7.Be2 Bg7 8.Nc3 0-0
2024;Paravyan;2608;Caruana;2796;Derrota;B33;1.e4 c5 2.Nf3 Nc6 3.d4 cxd4 4.Nxd4 Nf6 5.Nc3 e5 6.Ndb5 d6 7.Nd5 Nxd5 8.exd5 Nb8
2024;Caruana;2805;Onyshchuk;2619;Vitoria;B07;1.e4 d6 2.d4 Nf6 3.Nc3 g6 4.Be3 c6 5.h3 Nbd7 6.f4 b5 7.Bd3 b4 8.Nce2 Bb7
2024;Caruana;2796;Antipov;2602;Vitoria;A37;1.c4 c5 2.Nf3 g6 3.g3 Bg7 4.Bg2 Nc6 5.Nc3 d6 6.0-0 Be6 7.d3 Qc8 8.Ng5 Bd7
2024;Niemann;2692;Caruana;2804;Derrota;C55;1.e4 e5 2.Nf3 Nc6 3.Bc4 Nf6 4.d3 Be7 5.0-0 0-0 6.Re1 d6 7.a4 Be6 8.Nbd2 Bxc4
2024;Caruana;2804;Sarana;2695;Vitoria;B40;1.e4 c5 2.Nf3 e6 3.Nc3 Nc6 4.h3 a6 5.d4 cxd4 6.Nxd4 Nf6 7.Nxc6 bxc6 8.e5 Nd5
2024;Caruana;2804;Shankland;2674;Vitoria;B62;1.e4 c5 2.Nf3 d6 3.d4 cxd4 4.Nxd4 Nf6 5.Nc3 Nc6 6.Bg5 e6 7.Qd3 Be7 8.f4 0-0
2024;Caruana;2804;Radjabov;2723;Vitoria;D36;1.d4 d5 2.c4 e6 3.Nc3 Nf6 4.cxd5 exd5 5.Bg5 c6 6.Qc2 Be7 7.e3 h6 8.Bh4 0-0
2024;Caruana;2798;Tin;2580;Vitoria;C54;1.e4 e5 2.Nf3 Nc6 3.Bc4 Nf6 4.d3 Bc5 5.0-0 d6 6.c3 0-0 7.h3 a6 8.a4 h6
2024;Caruana;2805;Yilmaz;2601;Vitoria;C88;1.e4 e5 2.Nf3 Nc6 3.Bb5 a6 4.Ba4 Nf6 5.0-0 Be7 6.Re1 b5 7.Bb3 0-0 8.a4 b4
2024;Abasov;2632;Caruana;2803;Empate;E40;1.d4 d5 2.c4 e6 3.Nc3 Bb4 4.a3 Bxc3+ 5.bxc3 Nf6 6.e3 c6 7.a4 0-0 8.Bd3 e5
2024;Gledura;2619;Caruana;2805;Vitoria;B33;1.e4 c5 2.Nf3 Nc6 3.d4 cxd4 4.Nxd4 Nf6 5.Nc3 e5 6.Ndb5 d6 7.Nd5 Nxd5 8.exd5 Nb8
2024;Hakobyan;2617;Caruana;2805;Derrota;C48;1.e4 e5 2.Nf3 Nc6 3.Nc3 Nf6 4.Bb5 Bd6 5.d3 h6 6.Be3 a6 7.Ba4 Ng4 8.a3 Nxe3
2024;Caruana;2805;Hakobyan;2617;Empate;C82;1.e4 e5 2.Nf3 Nc6 3.Bb5 a6 4.Ba4 Nf6 5.0-0 Nxe4 6.d4 b5 7.Bb3 d5 8.dxe5 Be6
2024;Hakobyan;2617;Caruana;2805;Empate;E07;1.d4 Nf6 2.c4 e6 3.Nf3 d5 4.Nc3 Nbd7 5.g3 Be7 6.Bg2 0-0 7.Ne5 c6 8.0-0 Nxe5
2024;Caruana;2805;Hakobyan;2617;Empate;C50;1.e4 e5 2.Nf3 Nc6 3.Bc4 Bc5 4.0-0 d6 5.c3 Bb6 6.Re1 h6 7.d3 Nge7 8.a4 0-0
2024;Martinez Alcantara;2612;Caruana;2805;Empate;B22;1.e4 c5 2.Nf3 Nc6 3.c3 Nf6 4.Bd3 d5 5.e5 Nd7 6.Bb5 Nb6 7.d4 cxd4 8.Nxd4 Qc7
2024;Martinez Alcantara;2612;Caruana;2805;Empate;C26;1.e4 e5 2.Nc3 Nc6 3.Nf3 Nf6 4.g3 Bc5 5.Bg2 d6 6.d3 0-0 7.0-0 a5 8.h3 h6
2024;Caruana;2803;Abasov;2632;Vitoria;B30;1.e4 c5 2.Nf3 Nc6 3.Bb5 e5 4.0-0 Bd6 5.d3 Nf6 6.Nc3 0-0 7.h3 a6 8.Bxc6 dxc6
2024;Caruana;2803;Durarbayli;2627;Vitoria;D45;1.d4 d5 2.c4 c6 3.Nf3 Nf6 4.Nc3 e6 5.e3 Nbd7 6.Qc2 Bd6 7.b3 0-0 8.Be2 e5
2024;Anton Guijarro;2670;Caruana;2804;Derrota;B31;1.e4 c5 2.Nf3 Nc6 3.Bb5 g6 4.Bxc6 dxc6 5.d3 Bg7 6.h3 e5 7.a4 Qe7 8.a5 Nf6
2024;Sarana;2695;Caruana;2804;Derrota;E56;1.d4 Nf6 2.c4 e6 3.Nc3 Bb4 4.e3 c5 5.Bd3 d5 6.Nf3 dxc4 7.Bxc4 0-0 8.0-0 Nc6
2024;Nihal;2693;Caruana;2804;Vitoria;E51;1.d4 Nf6 2.c4 e6 3.Nf3 d5 4.Nc3 Bb4 5.e3 0-0 6.Bd2 Nbd7 7.Be2 dxc4 8.0-0 Nb6
2024;Hong;2560;Caruana;2766;Vitoria;D00;1.d4 Nf6 2.Nc3 d5 3.Bf4 g6 4.e3 Nh5 5.Bg5 c6 6.Be2 h6 7.Bh4 Ng7 8.Bg3 Nd7
2024;Pichot;2644;Caruana;2804;Derrota;C55;1.e4 e5 2.Nf3 Nc6 3.Bc4 Nf6 4.d3 Be7 5.0-0 0-0 6.Re1 d6 7.a4 Be6 8.Nc3 h6
2024;Caruana;2804;Shirov;2660;Empate;D12;1.c4 c6 2.Nf3 d5 3.d4 Nf6 4.e3 Bf5 5.Nc3 e6 6.Nh4 Be4 7.f3 Bg6 8.Qb3 Qc7
2024;Caruana;2805;Bortnyk;2608;Vitoria;A50;1.d4 Nf6 2.c4 b6 3.Nc3 Bb7 4.Qc2 g6 5.e4 d6 6.Nf3 Bg7 7.h3 0-0 8.Be3 Nc6
2024;Alekseenko;2650;Caruana;2804;Derrota;B31;1.e4 c5 2.Nf3 Nc6 3.Bb5 g6 4.0-0 Bg7 5.Re1 e5 6.Bxc6 dxc6 7.a4 Qe7 8.Na3 Nh6
2024;Indjic;2603;Caruana;2805;Vitoria;E12;1.d4 Nf6 2.c4 e6 3.Nf3 b6 4.a3 Bb7 5.Bf4 Be7 6.Nc3 0-0 7.e3 d6 8.h3 Nbd7
2024;Durarbayli;2627;Caruana;2804;Empate;C45;1.e4 e5 2.Nf3 Nc6 3.d4 exd4 4.Nxd4 Nf6 5.Nxc6 bxc6 6.e5 Qe7 7.Qe2 Nd5 8.h4 a5
2024;Caruana;2805;Kozak;2607;Vitoria;C54;1.e4 e5 2.Nf3 Nc6 3.Bc4 Bc5 4.0-0 d6 5.c3 Nf6 6.d3 a5 7.Re1 Ba7 8.Nbd2 0-0
2024;Kamsky;2610;Caruana;2803;Derrota;B07;1.d4 Nf6 2.Nf3 g6 3.c3 Bg7 4.Bg5 0-0 5.Nbd2 d6 6.e4 Nc6 7.Bd3 e5 8.0-0 h6
2024;Caruana;2804;Pichot;2644;Empate;B48;1.e4 c5 2.Nf3 e6 3.d4 cxd4 4.Nxd4 Nc6 5.Nc3 Qc7 6.Be3 a6 7.g4 Ne5 8.f4 Nc4
2024;Caruana;2804;Oparin;2664;Empate;E15;1.d4 Nf6 2.c4 e6 3.Nf3 b6 4.g3 Ba6 5.Nbd2 c5 6.Bg2 Bb7 7.dxc5 bxc5 8.0-0 Be7
2024;Bok;2587;Caruana;2796;Vitoria;E36;1.d4 Nf6 2.c4 e6 3.Nc3 Bb4 4.Qc2 d5 5.a3 Bxc3+ 6.Qxc3 0-0 7.Bg5 h6 8.Bxf6 Qxf6
2024;Tari;2635;Caruana;2804;Empate;B31;1.e4 c5 2.Nf3 Nc6 3.Bb5 g6 4.0-0 Bg7 5.c3 Nf6 6.Re1 0-0 7.d4 d5 8.e5 Ne4
2024;Malakhov;2648;Caruana;2804;Empate;D78;1.Nf3 d5 2.g3 Nf6 3.Bg2 g6 4.c4 c6 5.b3 Bg7 6.Bb2 0-0 7.0-0 a5 8.d4 a4
2024;Aravindh;2662;Caruana;2804;Vitoria;E61;1.d4 Nf6 2.Nf3 d6 3.e3 g6 4.c4 Bg7 5.Be2 0-0 6.0-0 c6 7.Nc3 Nbd7 8.b3 Re8
2024;Xu;2623;Caruana;2804;Derrota;A46;1.d4 Nf6 2.Nf3 e6 3.c3 b6 4.Bf4 Bb7 5.Nbd2 Nh5 6.Bg5 Be7 7.Bxe7 Qxe7 8.a4 a5
2024;Caruana;2766;Lazavik;2553;Vitoria;C55;1.e4 e5 2.Nf3 Nc6 3.Bc4 Nf6 4.d3 Be7 5.Nc3 0-0 6.a3 d6 7.Be3 Be6 8.Nd5 Qd7
2024;Bharath;2561;Caruana;2798;Vitoria;B33;1.e4 c5 2.Nf3 Nc6 3.d4 cxd4 4.Nxd4 Nf6 5.Nc3 e5 6.Ndb5 d6 7.Bg5 a6 8.Na3 b5
2024;Caruana;2798;Bharath;2561;Vitoria;D51;1.d4 Nf6 2.c4 e6 3.Nc3 Bb4 4.Bg5 d5 5.e3 0-0 6.cxd5 exd5 7.Bd3 c6 8.Nge2 h6
2024;Bharath;2561;Caruana;2798;Empate;B33;1.e4 c5 2.Nf3 Nc6 3.d4 cxd4 4.Nxd4 Nf6 5.Nc3 e5 6.Ndb5 d6 7.Bg5 a6 8.Na3 b5
2024;Ter Sahakyan;2640;Caruana;2804;Empate;D38;1.d4 Nf6 2.c4 e6 3.Nf3 d5 4.Nc3 Bb4 5.Qa4+ Nc6 6.e3 0-0 7.Qc2 b6 8.Bd2 Bb7
2024;Naroditsky;2619;Caruana;2804;Vitoria;C26;1.e4 e5 2.Nf3 Nc6 3.Nc3 Nf6 4.g3 Bc5 5.Bg2 d6 6.d3 a5 7.0-0 h6 8.h3 Be6
2024;Caruana;2804;Bjerre;2641;Vitoria;B52;1.e4 c5 2.Nf3 d6 3.Bb5+ Bd7 4.c4 Nf6 5.Nc3 g6 6.0-0 Bg7 7.Bxd7+ Nbxd7 8.d4 cxd4
2024;Hakobyan;2619;Caruana;2804;Vitoria;D31;1.d4 Nf6 2.c4 e6 3.Nf3 d5 4.e3 a6 5.cxd5 exd5 6.Nc3 Bd6 7.Bd3 0-0 8.0-0 Re8
2024;Bluebaum;2655;Caruana;2804;Vitoria;E51;1.d4 Nf6 2.c4 e6 3.Nc3 Bb4 4.e3 0-0 5.Bd2 d5 6.Nf3 Nbd7 7.a3 Be7 8.cxd5 exd5
2024;Puranik;2635;Caruana;2804;Vitoria;B70;1.e4 c5 2.Nf3 Nc6 3.Nc3 g6 4.d4 cxd4 5.Nxd4 Bg7 6.Nb3 Nf6 7.Bg5 0-0 8.Qd2 d6
2024;Harsha;2531;Caruana;2805;Vitoria;D38;1.d4 Nf6 2.c4 e6 3.Nc3 d5 4.Nf3 Bb4 5.Bg5 h6 6.Bxf6 Qxf6 7.e3 0-0 8.Be2 c6
2024;Caruana;2804;Svane;2637;Vitoria;C77;1.e4 e5 2.Nf3 Nc6 3.Bb5 a6 4.Ba4 Nf6 5.d3 Bc5 6.Bxc6 dxc6 7.Nbd2 Be6 8.0-0 Bd6
2024;Caruana;2804;Lagarde;2642;Vitoria;D00;1.Nc3 d5 2.d4 Nf6 3.Bf4 e6 4.Nb5 Bb4+ 5.c3 Ba5 6.e3 0-0 7.Nf3 c6 8.Na3 Nbd7
2024;Caruana;2804;Kamsky;2623;Vitoria;B43;1.e4 c5 2.Nf3 e6 3.d4 cxd4 4.Nxd4 a6 5.Nc3 b5 6.Bd3 Qb6 7.Nf3 Qc7 8.0-0 Bb7
2024;Ivic;2596;Caruana;2805;Empate;B48;1.e4 c5 2.Nf3 e6 3.d4 cxd4 4.Nxd4 Nc6 5.Nc3 Qc7 6.Be3 a6 7.g4 h6 8.h4 b5
2024;Caruana;2805;Ivic;2596;Derrota;B30;1.e4 c5 2.Nf3 Nc6 3.Bb5 e6 4.Bxc6 bxc6 5.d3 Qc7 6.Nc3 e5 7.0-0 Ne7 8.Nh4 Ng6
2024;Ivic;2596;Caruana;2805;Vitoria;B33;1.e4 c5 2.Nf3 Nc6 3.d4 cxd4 4.Nxd4 Nf6 5.Nc3 e5 6.Ndb5 d6 7.Nd5 Nxd5 8.exd5 Nb8
2024;Caruana;2805;Ivic;2596;Derrota;A29;1.c4 e5 2.Nc3 Nf6 3.Nf3 Nc6 4.g3 d5 5.cxd5 Nxd5 6.Bg2 Bc5 7.0-0 0-0 8.d3 h6
2024;Caruana;2803;Vakhidov;2599;Vitoria;A54;1.c4 Nf6 2.Nc3 d6 3.d4 e5 4.Nf3 e4 5.Ng5 Qe7 6.Qc2 Bf5 7.f3 Nc6 8.d5 Nb8
2024;Swiercz;2612;Caruana;2804;Empate;B31;1.e4 c5 2.Nf3 Nc6 3.Bb5 g6 4.0-0 Bg7 5.Re1 e5 6.Bxc6 dxc6 7.d3 Qe7 8.a3 a5
2024;Caruana;2804;Durarbayli;2627;Empate;D45;1.c4 c6 2.Nc3 d5 3.d4 Nf6 4.Nf3 e6 5.e3 Nbd7 6.Qc2 Bd6 7.Be2 dxc4 8.a4 0-0
2024;Caruana;2804;Kamsky;2623;Vitoria;C60;1.e4 e5 2.Nf3 Nc6 3.Bb5 g6 4.0-0 Bg7 5.c3 d6 6.d4 Bd7 7.h3 Nf6 8.Re1 0-0
2024;Peralta;2558;Caruana;2798;Vitoria;E44;1.d4 Nf6 2.c4 e6 3.Nc3 Bb4 4.e3 b6 5.Nge2 Ne4 6.Qc2 Bb7 7.h4 0-0 8.a3 Bxc3+
2024;Zhigalko;2572;Caruana;2796;Vitoria;B22;1.e4 c5 2.Nf3 Nc6 3.c3 Nf6 4.e5 Nd5 5.Bc4 Nb6 6.Bb3 c4 7.Bc2 d6 8.exd6 Qxd6
2024;Caruana;2804;Kazakouski;2608;Vitoria;E45;1.d4 Nf6 2.c4 e6 3.Nc3 Bb4 4.e3 b6 5.Nge2 Ba6 6.Ng3 Bxc3+ 7.bxc3 d5 8.cxd5 Bxf1
2024;Caruana;2805;Vakhidov;2580;Empate;B01;1.e4 d5 2.exd5 Qxd5 3.Nc3 Qd6 4.d4 Nf6 5.Nf3 g6 6.Nb5 Qd8 7.c4 a6 8.Nc3 Bg7
2024;Caruana;2804;Melkumyan;2640;Vitoria;D35;1.c4 e6 2.Nc3 d5 3.d4 Be7 4.cxd5 exd5 5.Bf4 Nf6 6.e3 0-0 7.Bd3 c5 8.Nf3 Bg4
2024;Dreev;2606;Caruana;2804;Vitoria;D02;1.d4 Nf6 2.Nf3 d5 3.Bf4 e6 4.e3 Bd6 5.Bd3 b6 6.0-0 Bb7 7.Nbd2 0-0 8.c3 c5
2024;Caruana;2796;Erdogmus;2576;Vitoria;B15;1.e4 g6 2.d4 Bg7 3.Nc3 c6 4.h3 d5 5.e5 f6 6.f4 Nh6 7.Nf3 0-0 8.Bd3 Bf5
2024;Caruana;2805;Henriquez Villagra;2589;Vitoria;E70;1.d4 Nf6 2.c4 g6 3.Nc3 Bg7 4.e4 d6 5.Be3 Ng4 6.Bg5 h6 7.Bh4 c5 8.d5 g5
2024;Caruana;2796;Vakhidov;2571;Vitoria;D86;1.c4 g6 2.d4 Nf6 3.Nc3 d5 4.cxd5 Nxd5 5.e4 Nxc3 6.bxc3 Bg7 7.Bc4 a6 8.Ne2 b5
2024;Caruana;2805;Cordova;2531;Vitoria;B30;1.e4 c5 2.Nf3 Nc6 3.Bb5 e6 4.0-0 Nge7 5.Re1 Nd4 6.Nxd4 cxd4 7.d3 Nc6 8.Nd2 a6
2024;Caruana;2796;Zhigalko;2572;Vitoria;B30;1.e4 c5 2.Nf3 Nc6 3.Bb5 Nf6 4.Bxc6 dxc6 5.d3 Bg4 6.h3 Bh5 7.g4 Bg6 8.b3 Qc7
2024;Hansen;2610;Caruana;2804;Vitoria;B31;1.e4 c5 2.Nf3 Nc6 3.Bb5 g6 4.Bxc6 dxc6 5.d3 Qc7 6.h3 e5 7.0-0 Nf6 8.a3 Nh5
2024;Caruana;2804;Bok;2621;Vitoria;B51;1.e4 c5 2.Nf3 d6 3.Bb5+ Nd7 4.0-0 a6 5.Bd3 Ngf6 6.Re1 e6 7.Bf1 b6 8.c4 Bb7
2024;Caruana;2798;Alonso Rosell;2550;Vitoria;B25;1.e4 c5 2.Nf3 a6 3.g3 Nc6 4.Bg2 e5 5.0-0 g6 6.d3 Bg7 7.a4 Nge7 8.Nc3 0-0
2024;Caruana;2804;Ponkratov;2614;Derrota;E42;1.d4 e6 2.c4 Nf6 3.Nc3 Bb4 4.e3 c5 5.Nge2 cxd4 6.exd4 0-0 7.a3 Be7 8.d5 exd5
2024;Martinez Alcantara;2610;Caruana;2804;Derrota;C47;1.e4 e5 2.Nf3 Nc6 3.Nc3 Nf6 4.h3 Bb4 5.a3 Bxc3 6.dxc3 d6 7.Bd3 0-0 8.Bg5 h6
2024;Caruana;2804;Indjic;2595;Derrota;B51;1.e4 c5 2.Nf3 d6 3.Bb5+ Nd7 4.0-0 a6 5.Bd3 e6 6.c4 Ne5 7.Be2 Ne7 8.d4 Nxf3+
2024;Jones;2618;Caruana;2804;Derrota;A09;1.Nf3 d5 2.c4 d4 3.b4 c5 4.g3 Qc7 5.bxc5 e5 6.Ba3 Nc6 7.d3 Nf6 8.Nfd2 h5
2024;Hakobyan;2616;Caruana;2804;Empate;E28;1.d4 Nf6 2.c4 e6 3.Nc3 Bb4 4.e3 0-0 5.a3 Bxc3+ 6.bxc3 d6 7.Ne2 c5 8.Ng3 Nc6
2024;Caruana;2804;Santos Ruiz;2601;Vitoria;A11;1.c4 c6 2.Nf3 d5 3.e3 Nf6 4.Nc3 a6 5.b3 Bf5 6.Bb2 e6 7.Be2 Nbd7 8.Nh4 Bg6
2024;Caruana;2804;Wagner;2611;Vitoria;D33;1.c4 Nf6 2.Nc3 c5 3.Nf3 e6 4.g3 d5 5.cxd5 exd5 6.d4 Nc6 7.a3 c4 8.Bg5 Be7
2024;Erdogmus;2569;Caruana;2805;Vitoria;E32;1.d4 Nf6 2.c4 e6 3.Nc3 Bb4 4.Qc2 0-0 5.e4 d5 6.e5 Ne4 7.Bd3 c5 8.Nf3 cxd4
2024;Nasuta;2545;Caruana;2798;Vitoria;B30;1.e4 c5 2.Nf3 Nc6 3.Bb5 Nf6 4.Bxc6 dxc6 5.d3 Bg4 6.h3 Bh5 7.Nbd2 Nd7 8.g4 Bg6
2024;Woodward;2525;Caruana;2805;Vitoria;E11;1.d4 Nf6 2.c4 e6 3.g3 Bb4+ 4.Bd2 Be7 5.Bg2 d5 6.Nf3 0-0 7.0-0 c6 8.b3 b6
2024;Hammer;2612;Caruana;2804;Vitoria;E62;1.Nf3 Nf6 2.c4 d6 3.d4 g6 4.g3 Bg7 5.Bg2 0-0 6.0-0 c6 7.Nc3 Bf5 8.Re1 Ne4
2024;Caruana;2805;Vazquez;2571;Vitoria;A40;1.c4 b6 2.Nc3 Bb7 3.d4 e6 4.a3 f5 5.Nf3 Nf6 6.d5 Na6 7.b4 g6 8.Rb1 Bg7
2024;Kobalia;2543;Caruana;2798;Vitoria;B51;1.e4 c5 2.Nf3 d6 3.Bb5+ Nd7 4.0-0 a6 5.Bd3 Ngf6 6.c3 g6 7.Bc2 Bg7 8.d4 0-0
2024;Kadric;2553;Caruana;2796;Derrota;C50;1.e4 e5 2.Nf3 Nc6 3.Bc4 Bc5 4.0-0 d6 5.c3 Bb6 6.a4 a5 7.d4 Qe7 8.Bb5 Bd7
2024;Caruana;2796;Kadric;2553;Vitoria;E94;1.d4 d6 2.Nf3 Nf6 3.c4 Nbd7 4.Nc3 e5 5.e4 g6 6.Be2 Bg7 7.0-0 0-0 8.d5 Nc5
2024;Caruana;2804;Piorun;2592;Derrota;C16;1.e4 e6 2.d4 d5 3.Nc3 Bb4 4.e5 b6 5.a3 Bxc3+ 6.bxc3 Qd7 7.Qg4 f5 8.Qg3 Ba6
2024;Tristan;2536;Caruana;2798;Vitoria;A48;1.d4 Nf6 2.Nf3 g6 3.Bf4 Bg7 4.e3 d6 5.Be2 Nh5 6.Bg5 h6 7.Bh4 g5 8.Nfd2 Nf6
2024;Caruana;2804;Antipov;2585;Vitoria;E11;1.d4 Nf6 2.c4 e6 3.Nf3 d5 4.g3 Bb4+ 5.Bd2 Be7 6.Bg2 0-0 7.0-0 Nbd7 8.a4 a5
2024;Caruana;2805;Kovalev;2559;Derrota;C54;1.e4 e5 2.Nf3 Nc6 3.Bc4 Bc5 4.0-0 Nf6 5.d3 d6 6.c3 a6 7.a4 h6 8.Nbd2 Ba7
2024;Zhigalko;2572;Caruana;2804;Vitoria;C78;1.e4 e5 2.Nf3 Nc6 3.Bb5 a6 4.Ba4 Nf6 5.0-0 b5 6.Bb3 Bc5 7.a4 Rb8 8.Nc3 0-0
2024;Caruana;2804;Bernadskiy;2573;Vitoria;A23;1.c4 e5 2.Nc3 Nf6 3.g3 c6 4.Nf3 e4 5.Nd4 d5 6.cxd5 Qb6 7.e3 cxd5 8.Qb3 Nc6
2024;Grigoriants;2533;Caruana;2798;Vitoria;C11;1.e4 e6 2.d4 d5 3.Nc3 Be7 4.Nf3 Nf6 5.e5 Nfd7 6.Ne2 c5 7.c3 Nc6 8.a3 Qa5
2024;Zemlyanskii;2549;Caruana;2805;Vitoria;A50;1.d4 Nf6 2.c4 e6 3.Bf4 b6 4.Nc3 Bb4 5.Qc2 Bb7 6.e3 0-0 7.Nge2 Ne4 8.a3 Bxc3+
2024;Rasulov;2557;Caruana;2805;Vitoria;B30;1.e4 c5 2.Nf3 Nc6 3.Bc4 e6 4.0-0 Nf6 5.d3 d5 6.exd5 exd5 7.Bb5 Bd6 8.Re1+ Be6
2024;Caruana;2766;Nogerbek;2526;Vitoria;A14;1.c4 e6 2.g3 d5 3.Bg2 Nf6 4.Nf3 Be7 5.0-0 0-0 6.d3 Nc6 7.a3 dxc4 8.dxc4 e5
2024;Caruana;2798;Bernadskiy;2530;Vitoria;B52;1.e4 c5 2.Nf3 d6 3.Bb5+ Bd7 4.Bxd7+ Nxd7 5.0-0 Ngf6 6.Qe2 e6 7.b3 Be7 8.Bb2 0-0
2024;Smirnov;2586;Caruana;2804;Vitoria;B33;1.e4 c5 2.Nf3 Nc6 3.d4 cxd4 4.Nxd4 Nf6 5.Nc3 e5 6.Ndb5 d6 7.Bg5 a6 8.Na3 b5
2024;Goryachkina;2545;Caruana;2805;Vitoria;E15;1.d4 Nf6 2.c4 e6 3.Nf3 b6 4.g3 Ba6 5.Qc2 Bb4+ 6.Bd2 Bxd2+ 7.Nbxd2 c5 8.Bg2 Bb7
2024;Caruana;2804;Pultinevicius;2575;Derrota;D36;1.c4 e6 2.Nc3 d5 3.d4 Nf6 4.cxd5 exd5 5.Bg5 c6 6.Qc2 h6 7.Bh4 g6 8.e3 Bf5
2024;Caruana;2805;Can;2508;Vitoria;C24;1.e4 e5 2.Nf3 Nc6 3.Bc4 Nf6 4.d3 d5 5.exd5 Nxd5 6.0-0 Be7 7.Re1 f6 8.a3 Bg4
2024;Kadric;2558;Caruana;2803;Vitoria;C00;1.e4 e6 2.d3 d5 3.Nd2 Nf6 4.e5 Nfd7 5.f4 c5 6.g3 Nc6 7.Bg2 f6 8.exf6 Nxf6
2024;Bernadskiy;2572;Caruana;2804;Vitoria;D63;1.d4 Nf6 2.Nf3 e6 3.Bg5 d5 4.e3 Be7 5.c4 h6 6.Bh4 0-0 7.Nc3 Nbd7 8.Rc1 c6
2024;Dudin;2506;Caruana;2805;Vitoria;D36;1.d4 Nf6 2.c4 e6 3.Nc3 d5 4.Bg5 Nbd7 5.e3 h6 6.Bh4 Be7 7.Qc2 0-0 8.cxd5 exd5
2024;Caruana;2804;Akobian;2571;Vitoria;A85;1.d4 e6 2.c4 f5 3.Nc3 Bb4 4.Qb3 Bxc3+ 5.Qxc3 Nf6 6.Nf3 b6 7.Bf4 Bb7 8.e3 0-0
2024;Caruana;2766;Corrales Jimenez;2516;Vitoria;C42;1.e4 e5 2.Nf3 Nf6 3.Nxe5 d6 4.Nf3 Nxe4 5.d4 d5 6.Bd3 Nc6 7.0-0 Be7 8.Nbd2 Nxd2
2024;Mitrabha;2540;Caruana;2805;Vitoria;D93;1.Nf3 d5 2.d4 Nf6 3.Bf4 g6 4.e3 Bg7 5.c4 0-0 6.Nc3 e6 7.h3 c6 8.Be2 b6
2024;Caruana;2798;Mitrabha;2518;Vitoria;E46;1.d4 Nf6 2.c4 e6 3.Nc3 Bb4 4.e3 0-0 5.a3 Be7 6.e4 d6 7.Nf3 e5 8.Be2 exd4
2024;Pranesh;2535;Caruana;2805;Vitoria;B33;1.e4 c5 2.Nf3 Nc6 3.d4 cxd4 4.Nxd4 Nf6 5.Nc3 e5 6.Ndb5 d6 7.Nd5 Nxd5 8.exd5 Nb8
2024;Grigoriants;2535;Caruana;2805;Vitoria;E56;1.d4 d5 2.c4 e6 3.Nc3 Bb4 4.e3 Nf6 5.Bd3 0-0 6.Nf3 dxc4 7.Bxc4 c5 8.0-0 Nc6
2024;Caruana;2804;Livaic;2557;Vitoria;A26;1.c4 Nf6 2.Nc3 g6 3.g3 Bg7 4.Bg2 0-0 5.Nf3 d6 6.0-0 e5 7.d3 Nc6 8.Rb1 a5
2024;Caruana;2796;Terry;2526;Vitoria;A26;1.c4 e5 2.d3 Nc6 3.Nf3 g6 4.Nc3 Bg7 5.g3 d6 6.Bg2 Nge7 7.0-0 0-0 8.a3 f5
2024;Caruana;2804;Livaic;2557;Vitoria;C18;1.e4 e6 2.d4 d5 3.Nc3 Bb4 4.e5 c5 5.a3 Bxc3+ 6.bxc3 Nc6 7.Qg4 g6 8.h4 h6
2024;Caruana;2804;Holt;2540;Empate;C05;1.e4 e6 2.d4 d5 3.Nc3 Nf6 4.e5 Nfd7 5.f4 c5 6.Nf3 Nc6 7.Ne2 b5 8.Be3 b4
2024;Caruana;2798;Terry;2508;Empate;A10;1.c4 b6 2.Nc3 Bb7 3.e4 e6 4.Nf3 Bb4 5.Bd3 Ne7 6.0-0 Ng6 7.Bc2 0-0 8.d4 Bxc3
2024;Mekhitarian;2554;Caruana;2804;Vitoria;D35;1.Nf3 Nf6 2.c4 e6 3.Nc3 d5 4.cxd5 exd5 5.d4 c6 6.Bf4 Bd6 7.Bxd6 Qxd6 8.e3 Bf5
2024;Caruana;2798;Vetoshko;2506;Derrota;A07;1.Nf3 d5 2.g3 Nd7 3.Bg2 e5 4.d3 Ngf6 5.0-0 Bd6 6.c4 c6 7.Nc3 d4 8.Na4 0-0
2024;Caruana;2804;Drygalov;2547;Empate;D35;1.d4 Nf6 2.c4 e6 3.Nc3 d5 4.cxd5 exd5 5.Bg5 Be7 6.e3 c6 7.Bd3 h6 8.Bh4 0-0
2024;Stremavicius;2543;Caruana;2804;Empate;B07;1.Nf3 d6 2.d4 Nf6 3.Nbd2 g6 4.e4 Bg7 5.Bd3 0-0 6.0-0 Nc6 7.a4 e5 8.dxe5 dxe5
2024;Beerdsen;2513;Caruana;2805;Vitoria;B33;1.e4 c5 2.Nf3 Nc6 3.d4 cxd4 4.Nxd4 Nf6 5.Nc3 e5 6.Ndb5 d6 7.Bg5 a6 8.Na3 b5
2024;Caruana;2766;Pranav;2497;Vitoria;A20;1.c4 e5 2.d3 Nf6 3.Nf3 Nc6 4.a3 a5 5.e3 Bc5 6.Be2 d6 7.0-0 0-0 8.Nc3 h6
2024;Caruana;2804;Ehlvest;2528;Vitoria;A43;1.d4 g6 2.e4 Bg7 3.Nc3 c5 4.d5 d6 5.Nf3 Nf6 6.Bb5+ Nfd7 7.a4 0-0 8.0-0 Na6
2024;Pranesh;2538;Caruana;2804;Empate;B48;1.e4 c5 2.Nf3 e6 3.d4 cxd4 4.Nxd4 Nc6 5.Nc3 Qc7 6.Be3 a6 7.a3 b5 8.Nxc6 Qxc6
2024;Caruana;2804;Ehlvest;2528;Vitoria;A43;1.d4 g6 2.e4 Bg7 3.Nc3 c5 4.d5 d6 5.Bb5+ Bd7 6.Be2 Nf6 7.a4 0-0 8.h3 e6
2024;Brodsky;2515;Caruana;2803;Derrota;B33;1.e4 c5 2.Nf3 e6 3.d4 cxd4 4.Nxd4 Nf6 5.Nc3 Nc6 6.Ndb5 d6 7.Bf4 e5 8.Bg5 a6
2024;Caruana;2798;Xu;2496;Vitoria;E28;1.d4 Nf6 2.c4 e6 3.Nc3 Bb4 4.e3 0-0 5.a3 Bxc3+ 6.bxc3 d6 7.Ne2 e5 8.Ng3 Re8
2024;Caruana;2796;Gholami Orimi;2505;Empate;B51;1.e4 c5 2.Nf3 d6 3.Bb5+ Nd7 4.0-0 a6 5.Bd3 e6 6.Re1 Ngf6 7.Bf1 b5 8.a4 Bb7
2024;Caruana;2766;Brodsky;2491;Vitoria;B52;1.e4 c5 2.Nf3 d6 3.Bb5+ Bd7 4.c4 Nf6 5.Nc3 g6 6.0-0 Bg7 7.Bxd7+ Qxd7 8.d4 cxd4
2024;Klimkowski;2531;Caruana;2804;Derrota;D38;1.d4 Nf6 2.c4 e6 3.Nf3 d5 4.Nc3 Bb4 5.Qa4+ Nc6 6.e3 0-0 7.Qc2 b6 8.cxd5 exd5
2024;Mitrabha;2526;Caruana;2804;Vitoria;D02;1.d4 Nf6 2.Nf3 d5 3.Bf4 e6 4.e3 Bd6 5.Nbd2 0-0 6.Bd3 b6 7.c3 Ba6 8.Bxa6 Nxa6
2024;Caruana;2804;Smirnov;2526;Derrota;E59;1.d4 Nf6 2.c4 e6 3.Nc3 Bb4 4.e3 0-0 5.a3 Bxc3+ 6.bxc3 c5 7.Bd3 Nc6 8.Nf3 d5
2024;Balakrishnan;2503;Caruana;2796;Vitoria;B33;1.e4 c5 2.Nf3 Nc6 3.d4 cxd4 4.Nxd4 Nf6 5.Nc3 e5 6.Ndb5 d6 7.Nd5 Nxd5 8.exd5 Nb8
